Дата,Текст,Просмотры
2025-08-07 12:33:06,"Junior GO разработчик  Компания: ABCP З/П: от 400 000₽ Формат работы: Удалённо Источник вакансии: HH  От Вас как кандидата требуется: - Опыт управления командой от 2 человек (junior/middle, QA) от 2 лет; - Опыт в разработке от 4 лет; - Golang, sql, git, брокеры - уровень middle+ и выше; - Знание цикла разработки; - Быть внимательным и поэтому в сопроводительном письме Вы напишете слово ""ping""; - Опыт с Linux, Docker, CI/CD; - Умение проектировать по C4-модели.  Плюсы работы у нас: - Почему вам может понравиться работать с нами: - Начали в 2005 году, и более 10 лет являемся примером для конкурентов. ABCP — это синоним доверия и качества среди всех участников рынка автозапчастей, потому что мы создаем надежные инструменты для эффективного развития их бизнеса. Из-за предыдущих пунктов наших сотрудников активно хантят более известные IT-компании, но сотрудники не всегда уходят, потому что им нравится, что у нас: - все работают над созданием реального и востребованного продукта, а не совещаются; - есть возможность развивать hard и soft-скиллы и сменить стек при желании; - компанией и командами руководят адекватные айтишники, а не эффективные менеджеры; - нет “звезд” (хотя есть таланты) и все общаются со всеми;  → Откликнуться на вакансию   ———  🫶 Стажировки 🧑‍💻 Джун разработчикам 😶 Джун менеджерам 🐱 Джун маркетологам 💙 Мемы и удаленка 💚 Качнуть карьеру",373
2025-08-07 08:03:06,"Junior DevOps engineer  Компания: Бизнес Технологии З/П: от 100 000₽ Формат работы: Питер Источник вакансии: HH  Обязанности: - Участие в проектировании и разработки CI/CD инфраструктуры; - Автоматизация процессов сборки и запуска приложений; - Развертка и настройка демонстрационных стендов; - Аудит загруженности оборудования; - Анализ и устранение инцидентов; - Документирование своей работы.  Требования: Администрирование: Astra linux / Debian / Ubuntu. Желательно иметь навыки: - Postgresql; - Zabbix; - Jenkins; - Artifactory; - Gitlab; - VisualSVN Server.  Разработка: Bash, желательно знание Python. Основной стек технологий в компании: - Java, kotlin, scala, sql; - HTML, CSS, JavaScript, TypeScript; - Python; - Linux; - PostgreSQL.  Условия: - Динамично развивающаяся аккредитованная IТ-компания; - Интересные проекты по комплексной автоматизации крупных предприятий с возможностью постоянного роста квалификации; - Офисный формат работы в Санкт-Петербурге, Перми, Нижнем Новгороде, Вологде; - График: 5/2 с 9:00 до 18:00, в Перми с 10:00 до 19:00;  → Откликнуться на вакансию   ———  🫶 Стажировки 🧑‍💻 Джун разработчикам 😶 Джун менеджерам 🐱 Джун маркетологам 💙 Мемы и удаленка 💚 Качнуть карьеру",721
2025-08-06 16:03:06,"Junior CRM-маркетолог  Компания: Mailfit З/П: от 50 000 до 65 000₽ Формат работы: Удалённо Источник вакансии: HH  Что нужно делать: - Вести 2-3 клиентских проекта с поддержкой наставника и руководителя. - Принимать бриф от заказчика, составлять план работы. - Ставить задачи копирайтерам, дизайнерам, верстальщикам, разработчикам, аналитикам. - Проверять качество работы специалистов на всех этапах, согласовывать задачи с клиентом. - Настраивать кампании: массовые и автоматические рассылки, формы сбора, push-уведомления. Платформы, которые мы используем: Mindbox, Sendsay, Enkod, RetailRocket, Mailganer, Unisender и другие. - Готовить регулярные отчеты и предложения по дальнейшей работе для клиентов. - Общаться с заказчиками в совместных чатах, а также проводить онлайн-встречи с видео.  Что ждем от тебя: - Опыт в сфере маркетинга от 4–6 месяцев. - Знание предметной области: как устроен интернет-маркетинг, email-маркетинг. - Высокий уровень грамотности в русском языке. Умение грамотно изложить свои мысли как устно, так и письменно. - Высокий уровень ответственности за свою работу. Внимательность к деталям. - Дисциплина, умение управлять своим временем, пунктуальность. - Умение работать в плотной загрузке. - Наличие компьютера/ноутбука со стабильным интернетом. - Возможность работать 8 часов в день, не совмещая работу с учебой.  Что от нас: - Оклад от 50 000 до 65 000 на руки, точную сумму определяем после собеседования.  → Откликнуться на вакансию   ———  🫶 Стажировки 🧑‍💻 Джун разработчикам 😶 Джун менеджерам 🐱 Джун маркетологам 💙 Мемы и удаленка 💚 Качнуть карьеру",1028
2025-08-06 12:33:06,Junior Рекрутер  Компания: DCloud З/П: до 50 000₽ Формат работы: Удалённо Источник вакансии: HH  Что ты будешь делать: - Общаться с кандидатами и сопровождать их на всех этапах подбора. - Назначать и координировать собеседования. - Проводить холодный и теплый поиск кандидатов по различным направлениям.  Что мы ожидаем от тебя: - Желание развиваться в IT-направлении и учиться новому. - Высокие коммуникативные навыки и умение находить общий язык с разными людьми. - Стрессоустойчивость и способность работать в динамичной среде. - Грамотность и внимание к деталям.  Что мы предлагаем: - Удалённый формат работы из любой точки мира. - График работы 5/2 с 9 до 17.  → Откликнуться на вакансию   ———  🫶 Стажировки 🧑‍💻 Джун разработчикам 😶 Джун менеджерам 🐱 Джун маркетологам 💙 Мемы и удаленка 💚 Качнуть карьеру,1193
2025-08-06 08:03:06,"Junior Game Designer  Компания: Crazy Panda З/П: от 80 000₽ Формат работы: Удалённо Источник вакансии: HH  Crazy Panda - разработчик мобильных игр в различных жанрах и сеттингах. С 2010 года мы создаем игры, в которые нравится играть нам и 165 млн игрокам по всему миру. Присоединяйся к нам, go crazy with panda!  World Poker Club - флагманский продукт и лидер в жанре казуального покера на территории РФ и СНГ, так же завоевавший аудиторию лояльных игроков по всему миру. Игра представлена на многих платформах - можно играть на iOS, Android и Huawei, в социальных сетях, в web и десктоп версии.  За 13 лет активной разработки проекта мы внедрили множество фичей, разнообразив опыт игрока 3D-аватарами, турнирами и сопутствующими механиками. Баттл-пассы, ""копилка"" и новые скины для персонажей - это только малая часть нашего амбициозного бэклога, который пополняется новыми идеями на основе анализа конкурентов и трендов игр.  Сейчас мы ищем Jr Game Designer, который погрузится в проект и займется непосредственной реализацией ивентов и добавлением нового контента, безусловно под руководством опытных гейм-дизайнеров.  Основные направления работы: - Балансировка ивентов, турниров и офферов; - Ведение гейм-дизайнерской документации; - Участие в работе над новыми фичами и механиками; - Анализ игр в схожих жанрах и предложение идей с аргументацией; - Плотная работа с Lead GD и командой проекта.  Для нас важно: - Уверенные знания статистики и теории вероятностей; - Знание основных метрик мобильных игр; - Умение делиться своими мыслями и аргументировать их; - Знание правил покера, опыт игры в казуальный покер будет плюсом; - Широкий кругозор в мобильных играх; - Стремление развиваться в гейм-дизайне. - Будет плюсом - опыт аналогичной работы или опыт в аналитике\статистике.  Условия работы: - Работа над игрой с многомиллионной аудиторией; - Возможность прокачаться в гейм-дизайне и применении математики в работе; - Наставничество от Ведущего гейм-дизайнера проекта; - Стабильную официальную зарплату без задержек; - Работу удаленно или в гибридном формате, гибкое начало рабочего дня; - Частичную компенсацию ДМС, стоматологии и спортивных абонементов; - Бесплатное обучение английскому в группе для разных уровней; - Бюджет на профессиональное обучение и посещение конференций; - Корпоративы, онлайн-мероприятия, кибер-турниры, крутой мерч.  → Откликнуться на вакансию  ———  🧑‍💻 Джун разработчикам 🫶 Стажировки 😶 Джунам менеджерам 💙 Мемы и удаленка 💚 Качнуть карьеру",1242
2025-08-05 12:33:06,"Junior аналитик  Компания: ABCP З/П: от 170 000₽ Формат работы: Удалённо Источник вакансии: HH  Обязанности: - Интервьюировать заказчиков/пользователей, выявлять и собирать требования; - Прорабатывать варианты оптимизации текущего функционала и предлагать решения возникающих проблем; - Анализировать и документировать требования; - Планировать RoadMap и вести бэклог; - Выступать связующим звеном между разработкой и Заказчиком со всеми вытекающими; - Прототипировать интерфейсы и проектировать бизнес-процессы; - Тестировать и внедрять результаты разработки.  Требования: - Опыт работы в качестве системного аналитика не менее 1 года; - Знание архитектурных подходов для проектирования высоконагруженных автоматизированных систем; - Представление о форматах данных, применяемых в веб: XML, HTML, JSON, WSDL; - Внимательность, и поэтому в сопроводительном письме вы напишете слово ""ping""; - Понимание способов взаимодействия браузера и сервера: куки, сессии, HTTP, AJAX, сокеты; - Знания в области технологий: REST, SOAP, SQL, шифрование, балансировка нагрузки; - Примеры самостоятельно разработанных ТЗ, алгоритмов, интерфейсов; - Высокая коммуникабельность.  Плюсы работы у нас: - Почему вам может понравиться работать с нами: - Начали в 2005 году, и более 10 лет являемся примером для конкурентов. ABCP — это синоним доверия и качества среди всех участников рынка автозапчастей, потому что мы создаем надежные инструменты для эффективного развития их бизнеса.  → Откликнуться на вакансию   ———  🫶 Стажировки 🧑‍💻 Джун разработчикам 😶 Джун менеджерам 🐱 Джун маркетологам 💙 Мемы и удаленка 💚 Качнуть карьеру",1502
2025-08-05 08:03:06,"Junior QA Engineer  Компания: Top App Games З/П: не указана Формат работы: Удалённо Источник вакансии: HH  Чем предстоит заниматься: - участвовать в обеспечении качества на всех этапах разработки; - писать и поддерживать актуальность тестовой документации - разрабатывать тест-кейсы и чек-листы; - проводить функциональное и нефункциональное тестирование игровых механик и продукта в целом; - участвовать в планировании нового функционала в проекте, анализировать новую документацию от геймдизайнеров.  Мы ожидаем от тебя: - опыт тестирования мобильных игр (iOS и Android) от 0,5 года; - понимания принципов обеспечения качества в игровом проекте; - умение работать с системами контроля версий (Git); - умение работать с тестовыми инструментарием.  Будет плюсом: - богатый игровой опыт, любовь к геймдеву, желание развиваться в сфере тестирования; - техническое образование.  Мы предлагаем: - возможность работать удаленно из любой точки мира; - высокий уровень заработной платы, определяется по итогам собеседования; - амбициозный проект, интересные и сложные задачи;  → Откликнуться на вакансию   ———  🫶 Стажировки 🧑‍💻 Джун разработчикам 😶 Джун менеджерам 🐱 Джун маркетологам 💙 Мемы и удаленка 💚 Качнуть карьеру",1533
2025-08-04 17:33:01,"Junior Project Manager  Компания: Pride Games Studio З/П: не указана Формат работы: Питер  Источник вакансии: HH  Pride Games Studio — это команда единомышленников, увлеченных общей целью и любовью к играм. Мы создаем мобильные игры в жанре top down shooter, экшен-RPG.  Мы знаем, что за успешными проектами стоят конкретные люди, поэтому ищем тех, кто готов нас усилить. Нашего будущего коллегу ждет нацеленная на результат команда, реальная возможность расти вместе с компанией и влиять на создание игровых миров.  Чем предстоит заниматься: - Координацией команды; - Планированием, постановкой и контролем выполнения задач команд, согласованием приоритетов; - Контроль прогресса по задачам; - Отчетностью по проекту; - Ассистирование CEO.  Большим плюсом будет: - Осознанный выбор Gamedev сферы, неподдельный интерес; - Ответственность и системность в работе; - Умение работать в режиме многозадачности.  Мы предлагаем: - Возможности профессионального развития и карьерного роста; - Трудоустройство по ТК РФ с первого рабочего дня, - 100% оплата больничного; - Заработная плата зависит от навыков и ожиданий; - Гибкое начало рабочего дня - до 11:00; - 3 дополнительных day off в год; - Комфортный офис в пешей доступности от м. Приморская.  → Откликнуться на вакансию   ———  🧑‍💻 Джун разработчикам 🫶 Стажировки 😶 Джунам менеджерам 💙 Мемы и удаленка 💚 Качнуть карьеру",1671
2025-08-04 14:33:01,"От джуна до уверенного специалиста — осваивайте востребованные навыки на оплачиваемой программе развития МТС ПРО и стройте карьеру аналитика или инженера по сетям и облачным технологиям!  Почему это крутой старт? — Зарплата от 90 000 до 115 000 рублей (до вычета налогов) в зависимости от трека, за классные результаты работы ее могут повысить в течение программы.  — Гибридный график: три дня в офисе и два — удаленно. — Практический опыт на реальных проектах.  — Наставничество опытных менторов и поддержка команды.  Начинайте карьеру с МТС ПРО — выбирайте трек и поднимайте свой экспертный уровень вместе с лучшими! Регистрируйтесь: https://u.to/llBSIg  ———  🫶 Стажировки 🧑‍💻 Джун разработчикам 😶 Джун менеджерам 🐱 Джун маркетологам 💙 Мемы и удаленка 💚 Качнуть карьеру",1711
2025-08-04 12:33:01,"Junior FullStack разработчик  Компания: КОРТЕОС З/П: от 120 000 до 150 000₽ Формат работы: Питер Источник вакансии: HH  Обязанности: - Создавать и сопровождать специализированные расширения на базе Corteos Platform; - Быть готовым к работе в качестве full-stack разработчика (разрабатывать как frontend, так и backend, а также вникать в бизнес-логику и ранее написанный код и учиться на нем)  Требования: - Владение C#, .NET 6.0; - Реляционные БД (MS SQL Server, PostgreSQL) - иметь базовые знания/курсы, остальному научим в процессе; - Базовые знания JS, Vue.js, HTML, SCSS; - Умение или готовность активно учиться комментировать и документировать код таким образом, чтобы комментарии были не “для галочки”, а в будущем помогли реализации и масштабированию; - Базовые знания о средстве управления версиями git; - Базовые знания разработки модульных тестов (Unit test) - опыт работы от 1 года до 3-х лет  Будет плюсом, если есть: - Понимание жизненного цикла процесса внедрения ПО (этапность проекта, перечень работ и отчетных документов); - Понимание принципов работы механизмов аутентификации и авторизации SSO; - Навыки интеграции со сторонними API (партнеры, поставщики данных);  → Откликнуться на вакансию   ———  🫶 Стажировки 🧑‍💻 Джун разработчикам 😶 Джун менеджерам 🐱 Джун маркетологам 💙 Мемы и удаленка 💚 Качнуть карьеру",1616
2025-08-04 10:03:01,"Научитесь эффективно использовать нейросети в своей работе. Начните с бесплатного мини-курса «Data Science с нуля: пробуем профессии на практике за 5 дней». Data Science — это основа всех современных ИИ-решений. Разберитесь, как она работает и где востребованы специалисты по данным.  На практике вы: ✅ Напишете нейросеть для подбора новостей ✅ Создадите чат-бота на Python, который отвечает с помощью ИИ ✅ Освоите визуализацию данных ✅ Разберётесь, в чём разница между аналитиком, ML- и дата-инженером ✅ Узнаете, где сейчас платят за такие навыки и как войти в профессию  🔥 Бонус: откроем доступ к записям конференции по нейросетям после первого урока. Узнаете, как использовать ИИ в работе и жизни.  Всё — в формате коротких видеоуроков с практикой. Подойдёт даже тем, кто никогда не писал код. Успейте зарегистрироваться:https://epic.st/spxQaP?erid=2VtzqvP4Dvg 👉 Доступ ко всем материалам — бессрочный. Плюс подарки внутри.",1641
2025-08-04 08:03:01,"Junior DevOps Engineer  Компания: Metacommerce З/П: от 120 000 до 180 000₽ Формат работы: Удалённо Источник вакансии: HH  Чем предстоит заниматься: - Настраивать непрерывную интеграцию и доставку-развертывание (CI/CD) на GitLab. - Находить и устранять неисправности в процессе CI/CD. - Мониторить и устранять неполадки в инфраструктуре и приложениях для обеспечения высокой доступности и производительности. - Участвовать в построении масштабируемости и безопасности инфраструктуры. - Поддерживать инфраструктуру. - Создавать и поддерживать среды разработки и тестирования.  Что ожидаем от будущего коллеги: - Опыт работы с серверами Linux, пакетными менеджерами. - Опыт работы с Docker, Kaniko, LXC. - Опыт работы с GitLab CI, Argo CD или другими CI/CD-системами. - Опыт работы с Kubernetes (k8s/k3s), Helm, Аnsible. - Опыт работы с мониторингами: Grafana, Prometheus, Loki.  Будет плюсом: - Опыт сборки собственных пакетов и организации репозиториев. - Понимание методологии GitOps. - Опыт администрирования Kafka. - Опыт работы с системами виртуализации: OpenStack, OpenNebula, Proxmox. - Опыт работы с Elasticsearch, Redis, ClickHouse.  → Откликнуться на вакансию   ———  🫶 Стажировки 🧑‍💻 Джун разработчикам 😶 Джун менеджерам 🐱 Джун маркетологам 💙 Мемы и удаленка 💚 Качнуть карьеру",1662
2025-08-01 12:33:06,"Junior Game Designer  Компания: Скайтек З/П: до 50 000₽ Формат работы: Удалённо Источник вакансии: HH  Задачи: - Работать над игровым балансом, экономикой и монетизацией - Разрабатывать Live-Ops контент, временные события, акции - Сопровождать фичи на всех этапах — от идеи до релиза, включая тестирование, улучшения и отслеживание показателей - Взаимодействовать с программистами, художниками и другими членами команды для реализации фичей - Изучать рынок и анализировать конкурентов, выявляя удачные решения в аналогичных проектах  Требования: - Игровая насмотренность (mobile/F2P, баттлеры, ККИ) - Высшее образование, высокий средний балл - Системное мышление и хорошая математическая база - Понимание основных метрик: ARPU, LTV, retention - Умение работать с гугл-таблицами  Будет плюсом: - Опыт работы гейм-дизайнером в коммерчески успешных проектах - Опыт создания собственных игр (даже если они не были коммерчески успешны) - Участие в математических или ИТ олимпиадах и призовые места на них - Высокие рейтинги в сложных ""математических"" играх типа классических шахмат, или hearthstone  → Откликнуться на вакансию   ———  🫶 Стажировки 🧑‍💻 Джун разработчикам 😶 Джун менеджерам 🐱 Джун маркетологам 💙 Мемы и удаленка 💚 Качнуть карьеру",2139
2025-08-01 08:03:06,Junior Рекрутер  Компания: DCloud З/П: до 50 000₽ Формат работы: Удалённо Источник вакансии: HH  Что ты будешь делать: - Общаться с кандидатами и сопровождать их на всех этапах подбора. - Назначать и координировать собеседования. - Проводить холодный и теплый поиск кандидатов по различным направлениям.  Что мы ожидаем от тебя: - Желание развиваться в IT-направлении и учиться новому. - Высокие коммуникативные навыки и умение находить общий язык с разными людьми. - Стрессоустойчивость и способность работать в динамичной среде. - Грамотность и внимание к деталям.  Что мы предлагаем: - Удалённый формат работы из любой точки мира. - График работы 5/2 с 9 до 17.  → Откликнуться на вакансию   ———  🫶 Стажировки 🧑‍💻 Джун разработчикам 😶 Джун менеджерам 🐱 Джун маркетологам 💙 Мемы и удаленка 💚 Качнуть карьеру,2138
2025-07-31 12:33:06,"Junior аналитик  Компания: Смарт Солюшенс Альянс З/П: не указана Формат работы: Удалённо Источник вакансии: HH  Что вы получите: - Полное погружение в оперативный (торговый) учет в продукте 1С:Управление Торговлей и аналитику на его основе;  -Возможность работы с реальными задачами и практическими кейсами; - Подготовку к сертификации ""1С:Профессионал по 1С:Управление Торговлей"" (оплата экзамена за счет компании);  -Оформление в штат компании на позицию младший аналитик 1С:Управление Торговлей после успешного завершения программы (готовы рассмотреть как частичную, так и полную занятость).  Ваши обязанности во время стажировки: - Обучение аналитике оперативного (торгового) учета в конфигурациях 1С:УТ - Выполнение практических заданий куратора - Подготовка и сдача сертификации ""1С:Профессионал"" (обязательное условие успешного завершения стажировки).  Кого мы ищем: - Наличие высшего образование, или обучение на последних курсах магистратуры (ИТ-специальности, специальности ""Торговое дело"" и ""Экономика торговли"", ""Логистика"" и т.д..); - Опыт работы с 1С на уровне пользователя будет преимуществом; - Знание Excel на среднем уровне (работа с формулами, построение диаграмм и графиков) - обязательно. Ответственных, целеустремленных кандидатов с желанием развиваться в области аналитики.  Мы предлагаем: - Уникальный опыт обучения с реальными задачами; - Поддержку опытного куратора на каждом этапе;  → Откликнуться на вакансию   ———  🫶 Стажировки 🧑‍💻 Джун разработчикам 😶 Джун менеджерам 🐱 Джун маркетологам 💙 Мемы и удаленка 💚 Качнуть карьеру",2148
2025-07-31 08:03:06,"Junior QA Engineer  Компания: Top App Games З/П: не указана Формат работы: Удалённо Источник вакансии: HH  Чем предстоит заниматься: - участвовать в обеспечении качества на всех этапах разработки; - писать и поддерживать актуальность тестовой документации - разрабатывать тест-кейсы и чек-листы; - проводить функциональное и нефункциональное тестирование игровых механик и продукта в целом; - участвовать в планировании нового функционала в проекте, анализировать новую документацию от геймдизайнеров.  Мы ожидаем от тебя: - опыт тестирования мобильных игр (iOS и Android) от 0,5 года; - понимания принципов обеспечения качества в игровом проекте; - умение работать с системами контроля версий (Git); - умение работать с тестовыми инструментарием.  Будет плюсом: - богатый игровой опыт, любовь к геймдеву, желание развиваться в сфере тестирования; - техническое образование.  Мы предлагаем: - возможность работать удаленно из любой точки мира; - высокий уровень заработной платы, определяется по итогам собеседования; - амбициозный проект, интересные и сложные задачи;  → Откликнуться на вакансию   ———  🫶 Стажировки 🧑‍💻 Джун разработчикам 😶 Джун менеджерам 🐱 Джун маркетологам 💙 Мемы и удаленка 💚 Качнуть карьеру",2121
2025-07-30 12:33:01,"Junior Project manager  Компания: Bridge Agency З/П: от 60 000 до 80 000₽  Формат работы: Удалённо Источник вакансии: HH  Что ты будешь делать: - Вести проекты агентства с момента подтверждения и до закрытия (придумать, договориться, распланировать, проконтролировать, отчитаться); - Грамотно писать сообщения и письма, внимательно считать сметы, держать одновременно на контроле много проектов и задач; - Задавать правильные вопросы, вникать в детали, активно слушать и прогнозировать риски; - Уметь правильно ставить команде задачи и следить за результатом; - Отвечать за поставленную задачу перед клиентом; - Всегда следить за дедлайнами и KPI проекта.  Скиллы, которые будут нужны: - Опыт работы в интернете; - Проактивность. Тебе все интересно и ты не боишься предлагать и спрашивать. - Умение расставлять приоритеты. Выбирать какие задачи важнее и что надо бы сделать как можно скорее; - Качественный подход. Это не просто проекты, они твои; - Умение менеджерить процессы и людей. Ты должен будешь знать, что происходит и кто чем занят; - Стрессоустойчивость. Не всегда все идет по плану. Кто-то может сдвинуть сроки или внести корректировки, будь готов;  От нас: - Максимум свободы и возможностей для самореализации. Мы всегда готовы рассмотреть любые, даже самые необычные, идеи от любого члена команды в независимости от стажа; - Интересные кейсы. Всегда есть над чем подумать и где проявить себя. - Возможность роста. Ты будешь расти в навыках, а вместе с тем будет расти и твой оклад. - Оклад плюс бонусы за каждый успешный проект. Подходи к работе ответственно и бонус у тебя в кармане;  → Откликнуться на вакансию   ———  🫶 Стажировки 🧑‍💻 Джун разработчикам 😶 Джун менеджерам 🐱 Джун маркетологам 💙 Мемы и удаленка 💚 Качнуть карьеру",2169
2025-07-30 08:03:01,"Junior PHP-программист  Компания: Мир запчастей России З/П: от 70 000₽ Формат работы: Удалённо Источник вакансии: HH  Чем предстоит заниматься: - Разрабатывать программный кода веб-проектов на PHP;. - Использовать JavaScript (jQuery); - Работать с БД mySQL; - Программировать логику; - Писать компоненты и модули; - Верстать небольшие компоненты; - Необходимо будет разбираться в чужом коде; - Разрабатывать НЕ на фреймворке.  Будет плюсом, но не обязательством, если: - Понимаете работу с серверными технологиями, PHP, MySql; - Есть понимание принципов ООП; - Знание хотя бы одного MVC Фреймворка будет плюсом; - Знание HTML5, CSS3, JavaScript; - Умение строить SQL запросы; - Желание создавать качественный код; - Аккуратность; - И есть законченное высшее образование.  Мы рады предложить вам: - Стабильная заработная плата; - Выплаты 2 раза в месяц; - График работы 5/2 с 9:00 до 18:00 (полностью удалённо); - Оформление в соответствии с ТК РФ (оплачиваемый отпуск 28 календарных дней, больничный);  → Откликнуться на вакансию   ———  🫶 Стажировки 🧑‍💻 Джун разработчикам 😶 Джун менеджерам 🐱 Джун маркетологам 💙 Мемы и удаленка 💚 Качнуть карьеру",2053
2025-07-29 16:03:01,"Junior DevOps Engineer  Компания: MediaNation З/П: до 70 000₽ Формат работы: Удалённо Источник вакансии: HH  Обязанности: - Поддерживать стабильную работу веб-сервисов компании; - Работать с Docker и Docker Compose (включая написание и поддержку `docker-compose.yaml`); - Участвовать в развертывании и мониторинге сервисов в Kubernetes; - Настраивать и поддерживать окружения на базе Linux; - Настраивать Nginx (как балансировщик, прокси и веб-сервер).  Требования: - Опыт работы с Docker и Docker Compose — уверенный уровень; - Знание Linux: базовая администрирование, понимание системных процессов; - Опыт настройки Nginx: конфигурация, редиректы, проксирование; - Базовое представление о Kubernetes (K8s) и желание развиваться в этом направлении.  Взамен мы предлагаем тебе - Возможность выбирать комфортный формат работы: удалённо или гибрид; - Работа в команде профессионалов и наставников;  → Откликнуться на вакансию   ———  🫶 Стажировки 🧑‍💻 Джун разработчикам 😶 Джун менеджерам 🐱 Джун маркетологам 💙 Мемы и удаленка 💚 Качнуть карьеру",2098
2025-07-29 14:33:01,"Junior маркетолог  Компания: InternetUrok З/П: от 60 000 до 90 000₽ Формат работы: Удалённо Источник вакансии: HH  Какие задачи предстоит выполнять: - настройка, запуск и ведение рекламных кампаний в «Яндекс Директ», VK Ads, Ozon Performance и т. д.; - анализ эффективности, оптимизация и повышение эффективности рекламных кампаний;  - работа с системой веб-аналитики «Яндекс Метрика»; - сбор семантического ядра; - проведение A/B-тестов;  - написание копирайтов для заголовков и подзаголовков; - ведение отчётности.   Наши пожелания к успешному кандидату: - опыт работы с рекламными кампаниями;  - знание систем «Яндекс Директ» и «Яндекс Метрика»; - знание Telegram Ads, VK Ads, Adfox будет преимуществом;  - умение грамотно составлять семантическое ядро; - умение работать с большим объёмом информации; - пройденные профильные курсы по контекстной рекламе будут преимуществом; - грамотная письменная речь.  Наши условия: - оформление по ТК РФ; - удалённый формат работы или гибрид (по желанию); - полная занятость (5/2, 40 часов в неделю);  → Откликнуться на вакансию   ———  🫶 Стажировки 🧑‍💻 Джун разработчикам 😶 Джун менеджерам 🐱 Джун маркетологам 💙 Мемы и удаленка 💚 Качнуть карьеру",2004
2025-07-29 11:33:08,"💲Каналы с Junior IT вакансиями и стажировками  Подписывайся и забирай свой оффер⚡  1. IT вакансии по СНГ 2. IT стажировки по СНГ 3. IT стажировки в топовых компаниях мира 4. Удалённые IT вакансии и стажировки 5. Python вакансии и стажировки 6. БИГТЕХ вакансии и стажировки 7. Design вакансии и стажировки 8. QA вакансии и стажировки 9. Junior вакансии и стажировки 10. Frontend вакансии и вопросы собесов 11. Вакансии и стажировки для аналитиков 12. Вакансии в русских стартапах за границей 13. Вакансии и стажировки для DevOps 14. Вакансии, которых нет на ХХ.РУ  #партнерский_пост",2044
2025-07-29 08:03:06,"Junior рекрутер  Компания: NAUMEN З/П: не указана Формат работы: Удалённо Источник вакансии: HH  Немного о нас: - практикуем консалтинговый подход ведения вакансии: погружаемся в продуктовые бизнесы компании, помогаем заказчику сформировать подходящий профиль кандидата под его потребность, готовим аналитику и разбираемся почему так и что с этим делать; - для нас важно сохранять баланс качества и скорости найма. В этом нам помогают метрики, верифицированные нашим опытом и практикой рынка – твой результат будет оцифрован; - работаем над развитием каждого члена команды. С готовностью делимся своей экспертизой в оценке кандидатов, в проверенных опытом инструментах Boolean Search и т.д. и будем рады, если ты тоже привнесешь что-то новое; - поддержка и взаимопомощь не пустой звук для нас: вместе побрейнштормим, если случился затык по вакансии, подстрахуем, если ты заболел; - мы интенсивно работаем на личный результат и имидж нашей команды.  Над чем предстоит работать: - первое время работать в паре с опытным рекрутером, а в будущем самостоятельно вести вакансии от брифования заказчиков до согласования и выставления Job Offer финальному кандидату; - первое время совместно с опытным рекрутером разрабатывать стратегию поиска по вакансиям и в дальнейшем анализировать полученные результаты; - оценивать кандидатов под потребность бизнеса по soft skills, готовить отзывы по итогам интервью и помогать заказчику принимать решение; - закрывать сложные IT и non-IT вакансии junior и middle уровня: разработчики, инженеры, тестировщики, back-office, HR и тд; - вести стажировки в компании по IT направлению; - готовить hr-аналитику: мониторинг рынка труда, воронка по вакансии по запросу заказчика; - вести базу кандидатов так, чтобы другой рекрутер смог понять историю работы с кандидатом, а заказчик и твой руководитель - оценить результаты твоей работы.  Для того, чтобы справляться с задачами нужны: - высшее образование желательно в сфере управления персоналом; - опыт работы и закрытия IT вакансий от 6 месяцев в in-house: - знаешь как выстроить стратегию поиска, в зависимости от потребности нанимающего менеджера; - понимаешь, как продать вакансию кандидату; - имеешь навык поиска кандидатов, не ограничиваясь только hh.ru; - знаешь как с помощью оценки soft skills найти наиболее подходящего специалиста. - владение техниками оценки кандидата, оценки компетенций (STAR, PARLA, CASE и тд);  → Откликнуться на вакансию   ———  🫶 Стажировки 🧑‍💻 Джун разработчикам 😶 Джун менеджерам 🐱 Джун маркетологам 💙 Мемы и удаленка 💚 Качнуть карьеру",1950
2025-07-28 16:03:01,"Junior Game Designer  Компания: Crazy Panda З/П: от 80 000₽ Формат работы: Удалённо Источник вакансии: HH  Crazy Panda - разработчик мобильных игр в различных жанрах и сеттингах. С 2010 года мы создаем игры, в которые нравится играть нам и 165 млн игрокам по всему миру. Присоединяйся к нам, go crazy with panda!  World Poker Club - флагманский продукт и лидер в жанре казуального покера на территории РФ и СНГ, так же завоевавший аудиторию лояльных игроков по всему миру. Игра представлена на многих платформах - можно играть на iOS, Android и Huawei, в социальных сетях, в web и десктоп версии.  За 13 лет активной разработки проекта мы внедрили множество фичей, разнообразив опыт игрока 3D-аватарами, турнирами и сопутствующими механиками. Баттл-пассы, ""копилка"" и новые скины для персонажей - это только малая часть нашего амбициозного бэклога, который пополняется новыми идеями на основе анализа конкурентов и трендов игр.  Сейчас мы ищем Jr Game Designer, который погрузится в проект и займется непосредственной реализацией ивентов и добавлением нового контента, безусловно под руководством опытных гейм-дизайнеров.  Основные направления работы: - Балансировка ивентов, турниров и офферов; - Ведение гейм-дизайнерской документации; - Участие в работе над новыми фичами и механиками; - Анализ игр в схожих жанрах и предложение идей с аргументацией; - Плотная работа с Lead GD и командой проекта.  Для нас важно: - Уверенные знания статистики и теории вероятностей; - Знание основных метрик мобильных игр; - Умение делиться своими мыслями и аргументировать их; - Знание правил покера, опыт игры в казуальный покер будет плюсом; - Широкий кругозор в мобильных играх; - Стремление развиваться в гейм-дизайне. - Будет плюсом - опыт аналогичной работы или опыт в аналитике\статистике.  Условия работы: - Работа над игрой с многомиллионной аудиторией; - Возможность прокачаться в гейм-дизайне и применении математики в работе; - Наставничество от Ведущего гейм-дизайнера проекта; - Стабильную официальную зарплату без задержек; - Работу удаленно или в гибридном формате, гибкое начало рабочего дня; - Частичную компенсацию ДМС, стоматологии и спортивных абонементов; - Бесплатное обучение английскому в группе для разных уровней; - Бюджет на профессиональное обучение и посещение конференций; - Корпоративы, онлайн-мероприятия, кибер-турниры, крутой мерч.  → Откликнуться на вакансию  ———  🧑‍💻 Джун разработчикам 🫶 Стажировки 😶 Джунам менеджерам 💙 Мемы и удаленка 💚 Качнуть карьеру",1996
2025-07-28 12:33:06,"Junior аналитик  Компания: Смарт Солюшенс Альянс З/П: не указана Формат работы: Удалённо Источник вакансии: HH  Что вы получите: - Полное погружение в оперативный (торговый) учет в продукте 1С:Управление Торговлей и аналитику на его основе;  -Возможность работы с реальными задачами и практическими кейсами; - Подготовку к сертификации ""1С:Профессионал по 1С:Управление Торговлей"" (оплата экзамена за счет компании);  -Оформление в штат компании на позицию младший аналитик 1С:Управление Торговлей после успешного завершения программы (готовы рассмотреть как частичную, так и полную занятость).  Ваши обязанности во время стажировки: - Обучение аналитике оперативного (торгового) учета в конфигурациях 1С:УТ - Выполнение практических заданий куратора - Подготовка и сдача сертификации ""1С:Профессионал"" (обязательное условие успешного завершения стажировки).  Кого мы ищем: - Наличие высшего образование, или обучение на последних курсах магистратуры (ИТ-специальности, специальности ""Торговое дело"" и ""Экономика торговли"", ""Логистика"" и т.д..); - Опыт работы с 1С на уровне пользователя будет преимуществом; - Знание Excel на среднем уровне (работа с формулами, построение диаграмм и графиков) - обязательно. Ответственных, целеустремленных кандидатов с желанием развиваться в области аналитики.  Мы предлагаем: - Уникальный опыт обучения с реальными задачами; - Поддержку опытного куратора на каждом этапе;  → Откликнуться на вакансию   ———  🫶 Стажировки 🧑‍💻 Джун разработчикам 😶 Джун менеджерам 🐱 Джун маркетологам 💙 Мемы и удаленка 💚 Качнуть карьеру",2052
2025-07-28 08:03:06,"Junior QA Engineer  Компания: Top App Games З/П: не указана Формат работы: Удалённо Источник вакансии: HH  Чем предстоит заниматься: - участвовать в обеспечении качества на всех этапах разработки; - писать и поддерживать актуальность тестовой документации - разрабатывать тест-кейсы и чек-листы; - проводить функциональное и нефункциональное тестирование игровых механик и продукта в целом; - участвовать в планировании нового функционала в проекте, анализировать новую документацию от геймдизайнеров.  Мы ожидаем от тебя: - опыт тестирования мобильных игр (iOS и Android) от 0,5 года; - понимания принципов обеспечения качества в игровом проекте; - умение работать с системами контроля версий (Git); - умение работать с тестовыми инструментарием.  Будет плюсом: - богатый игровой опыт, любовь к геймдеву, желание развиваться в сфере тестирования; - техническое образование.  Мы предлагаем: - возможность работать удаленно из любой точки мира; - высокий уровень заработной платы, определяется по итогам собеседования; - амбициозный проект, интересные и сложные задачи;  → Откликнуться на вакансию   ———  🫶 Стажировки 🧑‍💻 Джун разработчикам 😶 Джун менеджерам 🐱 Джун маркетологам 💙 Мемы и удаленка 💚 Качнуть карьеру",2160
2025-07-25 12:33:01,"Junior project manager  Компания: ВебБустер З/П: не указана Формат работы: Удалённо Источник вакансии: HH  Наши требования: - 100% внимательность, ответственность, исполнительность, пунктуальность; - Хорошие коммуникативные навыки, доброжелательность и интерес к людям и к их бизнесу  -Готовность во всем быстро самостоятельно разбираться и «гуглить» - Активность, инициативность - Желание много работать, быстро учиться и развиваться в digital Методологии, инструментарию, маркетингу итд – научим, главное – мотивация работать, и все вышеперечисленные пункты.  Основные обязанности: На старте: - Помощь в работе текущим аккаунт-менеджерам / руководителям - Коммуникации с клиентами (продажи, маркетинг, продуктологи, ТОП-менеджмент) - Постановка задач исполнителям (продуктологам) и контроль их исполнения (срезы, отчеты) - Актуализация старой клиентской базы и лидов из CRM, формирование предложений и коммуникация с ними - Поиск возможностей роста продаж, предложения и реализация  Далее: - Управление digital-составляющей бизнесов наших клиентов, аналитика, поиск точек роста, повышение результатов и эффективности. Увеличение оборота по клиенту. - Постоянное обучение и повышение собственных скиллов (маркетинг, стратегия, биздев итд)  Мы предлагаем: - Идеальные условия для старта и развития в digital; - Работу напрямую с первыми лицами компании; - Сильную прокачку компетенций по интернет-маркетингу, продажам, бизнес-аналитике, выжимки с MBA; - Работу в крутой, интересной, умной, дружелюбной и быстрорастущей компании;  → Откликнуться на вакансию   ———  🫶 Стажировки 🧑‍💻 Джун разработчикам 😶 Джун менеджерам 🐱 Джун маркетологам 💙 Мемы и удаленка 💚 Качнуть карьеру",2570
2025-07-25 08:03:01,"Junior Frontend-разработчик  Компания: Чиббис З/П: до 100 000₽ Формат работы: Удалённо Источник вакансии: HH  Чем предстоит заниматься: - Поддержкой и усовершенствованием наших внутренних проектов; - Разработкой UI на React.js; - Работой в команде с frontend и backend разработчиками; - Оперативным выполнением поставленных задач.  Наш идеальный кандидат: - Имеет опыт работы frontend-разработчиком от 2 лет; - Знает JavaScript, CSS3, HTML5, React, Redux, RxJs, HTTP, REST, SPA; - Уже получил опыт кроссбраузерной/адаптивной версткой; - Работал с Git, Gitlab, Github.  Мы предлагаем: - Удаленную работу из любой точки мира и свободный гибкий график; - Полностью официальное оформление по ТК РФ или ИП/самозанятости; - Работу в аккредитованной IT-компании; - Покрываем стоимость профильного обучения на 80-100%;  → Откликнуться на вакансию   ———  🫶 Стажировки 🧑‍💻 Джун разработчикам 😶 Джун менеджерам 🐱 Джун маркетологам 💙 Мемы и удаленка 💚 Качнуть карьеру",2442
2025-07-24 12:34:02,"Junior DevOps engineer  Компания: Бизнес Технологии З/П: от 100 000₽ Формат работы: Питер Источник вакансии: HH  Обязанности: - Участие в проектировании и разработки CI/CD инфраструктуры; - Автоматизация процессов сборки и запуска приложений; - Развертка и настройка демонстрационных стендов; - Аудит загруженности оборудования; - Анализ и устранение инцидентов; - Документирование своей работы.  Требования: Администрирование: Astra linux / Debian / Ubuntu. Желательно иметь навыки: - Postgresql; - Zabbix; - Jenkins; - Artifactory; - Gitlab; - VisualSVN Server.  Разработка: Bash, желательно знание Python. Основной стек технологий в компании: - Java, kotlin, scala, sql; - HTML, CSS, JavaScript, TypeScript; - Python; - Linux; - PostgreSQL.  Условия: - Динамично развивающаяся аккредитованная IТ-компания; - Интересные проекты по комплексной автоматизации крупных предприятий с возможностью постоянного роста квалификации; - Офисный формат работы в Санкт-Петербурге, Перми, Нижнем Новгороде, Вологде; - График: 5/2 с 9:00 до 18:00, в Перми с 10:00 до 19:00;  → Откликнуться на вакансию   ———  🫶 Стажировки 🧑‍💻 Джун разработчикам 😶 Джун менеджерам 🐱 Джун маркетологам 💙 Мемы и удаленка 💚 Качнуть карьеру",2432
2025-07-24 08:03:01,"Junior CRM-маркетолог  Компания: Mailfit З/П: от 50 000 до 65 000₽ Формат работы: Удалённо Источник вакансии: HH  Что нужно делать: - Вести 2-3 клиентских проекта с поддержкой наставника и руководителя. - Принимать бриф от заказчика, составлять план работы. - Ставить задачи копирайтерам, дизайнерам, верстальщикам, разработчикам, аналитикам. - Проверять качество работы специалистов на всех этапах, согласовывать задачи с клиентом. - Настраивать кампании: массовые и автоматические рассылки, формы сбора, push-уведомления. Платформы, которые мы используем: Mindbox, Sendsay, Enkod, RetailRocket, Mailganer, Unisender и другие. - Готовить регулярные отчеты и предложения по дальнейшей работе для клиентов. - Общаться с заказчиками в совместных чатах, а также проводить онлайн-встречи с видео.  Что ждем от тебя: - Опыт в сфере маркетинга от 4–6 месяцев. - Знание предметной области: как устроен интернет-маркетинг, email-маркетинг. - Высокий уровень грамотности в русском языке. Умение грамотно изложить свои мысли как устно, так и письменно. - Высокий уровень ответственности за свою работу. Внимательность к деталям. - Дисциплина, умение управлять своим временем, пунктуальность. - Умение работать в плотной загрузке. - Наличие компьютера/ноутбука со стабильным интернетом. - Возможность работать 8 часов в день, не совмещая работу с учебой.  Что от нас: - Оклад от 50 000 до 65 000 на руки, точную сумму определяем после собеседования.  → Откликнуться на вакансию   ———  🫶 Стажировки 🧑‍💻 Джун разработчикам 😶 Джун менеджерам 🐱 Джун маркетологам 💙 Мемы и удаленка 💚 Качнуть карьеру",2230
2025-07-23 16:03:01,"Junior recruiter  Компания: НАЛАНЧ З/П: от 40 000₽ Формат работы: Удалённо Источник вакансии: HH  Твои задачи: - Ресечинг (Активный поиск и привлечение кандидатов через различные каналы поиска); - Первичное общение с кандидатами; - Ведение базы данных кандидатов и актуализация информации (у нас CRM Хантфлоу); - Ведение части HR задач (подключение ДМС, отпусков, day off и тд); - Помощь в организации корпоративов; - Поддержка офиса (заказ фруктов, пиццы и других вкусняшек).  Требования: - Отличные коммуникативные навыки и критическое мышление; - Умение работать в команде и нацеленность на результат; - Высшее образование или студенты последних курсов; - Желание развиваться в IT сфере в роли HR/IT рекрутера и готовность обучаться; - Будет здорово, если ты проход(а) курсы по IT подбору  Условия: - Работу в стабильной IT-компании с социально значимым продуктом; - Трудоустройство по ТК РФ (мы — аккредитованная IT-компания) - Гибкий график по 4 часа в день (у нас гибрид) - Компенсация питания, ДМС (включая стоматологию), страхование на время отпуска; - Дружный коллектив;  → Откликнуться на вакансию   ———  🫶 Стажировки 🧑‍💻 Джун разработчикам 😶 Джун менеджерам 🐱 Джун маркетологам 💙 Мемы и удаленка 💚 Качнуть карьеру",2312
2025-07-23 12:33:06,"Junior дизайнер  Компания: FunFlow З/П: от 70 000 до 120000₽ Формат работы: Москва Источник вакансии: HH  Задачи, которые вас ждут: - Генерация новых идей совместно с продактом и дизайн лидом, тестирование гипотез, а затем превращение их в качественные дизайн-решения; - Работа с геймификацией и эмоциональным дизайном; - Прототипирование своих решений; - Участие в А/Б тестированиях; - Поддержка дизайн-системы и UI-кита.  Мы ждем, что вы: - Имеете актуальное портфолио; - Внимательны к деталям, шрифту и форме; - Можете логично и последовательно рассказать о проделанной работе; - Способны слушать и слышать очень разных людей; - Хотите расти и развиваться в большом проекте; - Готовы к приключениям вместе с нами.  Будет плюсом: - Наличие опыта в продуктовой команде.  Мы предлагаем: - Официальное оформление; - Гибкое время начала рабочего дня с 9:00 до 11:00; - Просторный офис в центре Москвы;  → Откликнуться на вакансию   ———  🫶 Стажировки 🧑‍💻 Джун разработчикам 😶 Джун менеджерам 🐱 Джун маркетологам 💙 Мемы и удаленка 💚 Качнуть карьеру",2335
2025-07-23 08:03:06,"Junior аналитик  Компания: ABCP З/П: от 170 000₽ Формат работы: Удалённо Источник вакансии: HH  Обязанности: - Интервьюировать заказчиков/пользователей, выявлять и собирать требования; - Прорабатывать варианты оптимизации текущего функционала и предлагать решения возникающих проблем; - Анализировать и документировать требования; - Планировать RoadMap и вести бэклог; - Выступать связующим звеном между разработкой и Заказчиком со всеми вытекающими; - Прототипировать интерфейсы и проектировать бизнес-процессы; - Тестировать и внедрять результаты разработки.  Требования: - Опыт работы в качестве системного аналитика не менее 1 года; - Знание архитектурных подходов для проектирования высоконагруженных автоматизированных систем; - Представление о форматах данных, применяемых в веб: XML, HTML, JSON, WSDL; - Внимательность, и поэтому в сопроводительном письме вы напишете слово ""ping""; - Понимание способов взаимодействия браузера и сервера: куки, сессии, HTTP, AJAX, сокеты; - Знания в области технологий: REST, SOAP, SQL, шифрование, балансировка нагрузки; - Примеры самостоятельно разработанных ТЗ, алгоритмов, интерфейсов; - Высокая коммуникабельность.  Плюсы работы у нас: - Почему вам может понравиться работать с нами: - Начали в 2005 году, и более 10 лет являемся примером для конкурентов. ABCP — это синоним доверия и качества среди всех участников рынка автозапчастей, потому что мы создаем надежные инструменты для эффективного развития их бизнеса.  → Откликнуться на вакансию   ———  🫶 Стажировки 🧑‍💻 Джун разработчикам 😶 Джун менеджерам 🐱 Джун маркетологам 💙 Мемы и удаленка 💚 Качнуть карьеру",2386
2025-07-22 12:33:06,"Junior тестировщик  Компания: РУССКАЯ МОРСКАЯ КОМАНДА З/П: не указана Формат работы: Удалённо Источник вакансии: HH  Обязанности: - Анализ технической документации, формирование тестовой документации для проверки разрабатываемого ПО; - Проверка разрабатываемого ПО; - Работа с баг-трекинговой системой (описание и проверка исправлений ошибок); - Формирование отчетов по итогам тестирования;  Требования: - Высшее образование; - Знание методик и основных видов тестирования; - Опыт тестирования web-приложений; - Умение составлять грамотную и понятную тестовую документацию, описания дефектов; - Опыт работы с багтрекинговыми системами; - Коммуникабельность, внимательность к деталям, умение четко излагать свои мысли;  Условия: - Размер заработной платы определяется по результатам собеседования - Оформление по ТК РФ, полис ДМС со стоматологией, компенсация питания, спорт, корпоративные мероприятия - График работы с 9:00 до 18:00  → Откликнуться на вакансию   ———  🫶 Стажировки 🧑‍💻 Джун разработчикам 😶 Джун менеджерам 🐱 Джун маркетологам 💙 Мемы и удаленка 💚 Качнуть карьеру",2415
2025-07-22 08:03:06,"Junior project manager  Компания: Go Offer З/П: от 500 до 800$ Формат работы: Удалённо Источник вакансии: HH  Что предстоит делать: - Управление командой: контроль работы ассистентов, назначение задач, подбор замен - Онборд инг: обучение новых сотрудников, разработка инструкций и системы мотивации - Контроль качества: проверка первых подач, анализ результатов работы - Администрирование: управление доступами к системам, работа с документацией - Аналитика: сбор статистики, формирование отчётов, оптимизация расходов - Развитие продукта: работа с Go Offer HUB, тестирование функционала - Клиентский сервис: обработка обратной связи, решение возникающих вопросов  Мы ищем человека, который: - Имеет опыт управления командой от 25 человек - Имеет опыт работы в Edtech - Владеет английским языком на среднем уровне - Уверенно владеет Excel - Умеет работать с искусственным интеллектом - Имеет аналитическое мышление и умеет ставить задачи - Знает, как устроен LinkedIn в качестве преимущества  Мы предлагаем: - Международный опыт работы в динамично развивающейся команде - Гибкий график: работа удалённо, время активности с 17:00 до 23:00 по МСК  → Откликнуться на вакансию   ———  🫶 Стажировки 🧑‍💻 Джун разработчикам 😶 Джун менеджерам 🐱 Джун маркетологам 💙 Мемы и удаленка 💚 Качнуть карьеру",2384
2025-07-21 13:15:55,"👀 Коллеги-дизайнеры! Недавно мы запустили новый канал с вакансиями для UX, product, motion и graphic дизайнеров.  Что вы получите? ✨ 50–70 свежих вакансий в месяц, которых нет на vseti.app, HH и часто в других телеграм каналах ✨ Работу в компаниях типа InDrive, Авиасейлс, Prequel, Tabby, 2ГИС, Циан, Юрент, Flo, Revolut, Skyeng, Miro и др. ✨ В основном удалёнка, как в РФ, так и за рубежом ✨ 100% вакансии с русскоговорящими командами и фаундерами ✨ Ссылки на рефералов и мини-гайд, как получить отклик быстрее  ❤️ Цена — 399 рублей в месяц.  Как оплатить? Оплата через @tribute — верифицированный сервис от Telegram. Принимаем российские и зарубежные карты. Отмена подписки — пара кликов.  🚩 Подписчики наших каналов уже получали офферы в Prequel, Skyeng, Semrush, TripleTen, Revolut и др. Этот канал — продолжение проекта Vseti.app и нашей сети каналов с IT-вакансиями.   ПОДПИСАТЬСЯ НА КАНАЛ",2326
2025-07-21 12:33:01,"Junior GO разработчик  Компания: ABCP З/П: от 400 000₽ Формат работы: Удалённо Источник вакансии: HH  От Вас как кандидата требуется: - Опыт управления командой от 2 человек (junior/middle, QA) от 2 лет; - Опыт в разработке от 4 лет; - Golang, sql, git, брокеры - уровень middle+ и выше; - Знание цикла разработки; - Быть внимательным и поэтому в сопроводительном письме Вы напишете слово ""ping""; - Опыт с Linux, Docker, CI/CD; - Умение проектировать по C4-модели.  Плюсы работы у нас: - Почему вам может понравиться работать с нами: - Начали в 2005 году, и более 10 лет являемся примером для конкурентов. ABCP — это синоним доверия и качества среди всех участников рынка автозапчастей, потому что мы создаем надежные инструменты для эффективного развития их бизнеса. Из-за предыдущих пунктов наших сотрудников активно хантят более известные IT-компании, но сотрудники не всегда уходят, потому что им нравится, что у нас: - все работают над созданием реального и востребованного продукта, а не совещаются; - есть возможность развивать hard и soft-скиллы и сменить стек при желании; - компанией и командами руководят адекватные айтишники, а не эффективные менеджеры; - нет “звезд” (хотя есть таланты) и все общаются со всеми;  → Откликнуться на вакансию   ———  🫶 Стажировки 🧑‍💻 Джун разработчикам 😶 Джун менеджерам 🐱 Джун маркетологам 💙 Мемы и удаленка 💚 Качнуть карьеру",2247
2025-07-21 08:03:01,Junior DevOps engineer  Компания: MiOps З/П: от 90 000₽ Формат работы: Удалённо Источник вакансии: HH  Требования: - Уверенное владение Linux (консоль). - Базовое понимание принципов работы сети. - Опыт работы с Git. - Опыт работы с Docker и docker-compose. - Понимание принципов CI/CD и опыт написания пайплайнов.  Будет плюсом: - Опыт работы с Ansible. - Опыт работы с Terraform. - Опыт работы с Kubernetes (k8s).  Условия: - Работа в аккредитованной IT-компании - Оформление по Трудовому кодексу РФ. - Зарплата от 90 000₽/на руки после прохождения испытательного срока - График работы: 5/2. - Полностью удаленная работа. - Обширный технический стек.  → Откликнуться на вакансию   ———  🫶 Стажировки 🧑‍💻 Джун разработчикам 😶 Джун менеджерам 🐱 Джун маркетологам 💙 Мемы и удаленка 💚 Качнуть карьеру,2397
2025-07-18 14:03:01,"Такой выпускной точно запомнится!   Х5 приглашает на Летоуин — секретный праздник для выпускников вузов в духе Киотского университета, где вместо мантии — креативный костюм и яркая программа.  Что вас ждет? — Костюм-шоу, DJ-сеты и сюрпризы для участников.  — Современная площадка, идеальная для общения и новых знакомств. — Фотобудка, автоматы с вакансиями, карьерное таро и многое другое.  Когда и где?  26 июля в Парке Горького, «Х5 Сфера».   Вход свободный — но только в костюме! Регистрируйтесь и отпразднуйте выпуск вместе с Х5: https://u.to/qSxQIg",2791
2025-07-18 12:33:01,"Junior CRM - маркетолог  Компания: МЭО З/П: от 70 000 до 80 000₽ Формат работы: Удалённо Источник вакансии: HH  Чем предстоит заниматься: - Создание и запуск email-рассылок (триггерные механики, промо) под руководством старших коллег. - Планирование контента: формирование медиаплана на месяц, постановка ТЗ копирайтерам и дизайнерам. - Работа с сегментами аудитории и анализ ключевых показателей. - Умение работать с отчетам эффективности показателей и делать выводы по результатам. - Поиск способов оптимизации рассылок и тестирование гипотез.  Что важно для нас: - Опыт в email-маркетинге от 1 года, включая работу с Mindbox или другими CDP-системами. - Базовые навыки HTML/CSS (правка шаблонов, верстка в конструкторах). - Умение анализировать данные: сегментация, работа с Excel/Google Таблицами. - Внимание к деталям (кросс-клиентность писем, тестирование перед отправкой). - Желание учиться: отслеживать email-тренды, вдохновляться кейсами и искать пути оптимизации. Почему у нас круто: - Амбициозные задачи и кейсы, которыми можно гордиться. - Обучение и поддержка от опытных коллег.  → Откликнуться на вакансию   ———  🫶 Стажировки 🧑‍💻 Джун разработчикам 😶 Джун менеджерам 🐱 Джун маркетологам 💙 Мемы и удаленка 💚 Качнуть карьеру",2567
2025-07-18 08:03:01,"Junior рекрутер  Компания: Heaad З/П: от 60 000₽  Формат работы: Удалённо Источник вакансии: HH  Мы предлагаем: - Никаких офисов и гибридов, онли удалёнка; - Гибкое начало рабочего дня с 09:00 до 11:00; - Fix 25 000 р. + достойное бонусное вознаграждение; - Онбординг и плавное погружение в работу; - Ментор на время испытательного срока; - Доступы на job сайты без ограничений: - Максимально вайбовый коллектив и адекватное руководство. - Большая свобода и ответственность в работе.  Чем предстоит заниматься: - Активный поиск кандидатов с использованием источников: HH, Linkedin, Potoк, Habr, мессенджеры;  - Проводить первичное интервью и оценивать кандидатов (soft и hard skills);  - Направлять резюме с сопроводительным письмом;  - Вести отчётность по процессу подбора.  Наши пожелания:  - Желание учиться и развиваться в сфере IT рекрутинга  → Откликнуться на вакансию   ———  🫶 Стажировки 🧑‍💻 Джун разработчикам 😶 Джун менеджерам 🐱 Джун маркетологам 💙 Мемы и удаленка 💚 Качнуть карьеру",2439
2025-07-17 12:33:06,"Junior Game Designer  Компания: Gear Games З/П: не указана Формат работы: Удалённо Источник вакансии: HH  Основные направления работы: - Развитие и поддержка игровой экономики: задания, награды, боевой пропуск и т.д. - Разработка и настройка боевого баланса: юниты, герои, экипировка и т.д. - Анализ игровых данных и статистики для улучшения игрового опыта и основных метрик проекта - Взаимодействие с командой разработчиков, художников и аналитиков для внедрения и тестирования изменений - Проведение плейтестов новых механик и сбор фидбека  Мы ждем: - Уверенные знания математики и мат.статистики - Уверенные навыки работы с Google Sheets - Большой игровой опыт на мобильных платформах - Большой игровой опыт в RTS и понимание жанра - Высшее или неполное высшее образование (предпочтительно математическое/техническое) - Понимание основ проектирования игровых механик  Будет плюсом: - Понимание экономики и монетизации мобильных игр - Понимание работы с аналитикой  Мы предлагаем: - Гибкий старт рабочего дня (9-10 по МСК), возможность удаленной работы, включая зарубежные страны - Система наставничества: ежемесячные встречи 1 на 1 с ментором для обсуждения карты развития - Уроки английского дважды в неделю с оплатой 50% занятий (после испытательного срока) - Оплата 50% годового абонемента в спортзал или другого спортивного курса после испытательного срока - 3 офиса в России (Москва, Кострома, Курск)  → Откликнуться на вакансию   ———  🫶 Стажировки 🧑‍💻 Джун разработчикам 😶 Джун менеджерам 🐱 Джун маркетологам 💙 Мемы и удаленка 💚 Качнуть карьеру",2436
2025-07-17 08:03:06,"Junior аналитик  Компания: ABCP З/П: от 170 000₽ Формат работы: Удалённо Источник вакансии: HH  Обязанности: - Интервьюировать заказчиков/пользователей, выявлять и собирать требования; - Прорабатывать варианты оптимизации текущего функционала и предлагать решения возникающих проблем; - Анализировать и документировать требования; - Планировать RoadMap и вести бэклог; - Выступать связующим звеном между разработкой и Заказчиком со всеми вытекающими; - Прототипировать интерфейсы и проектировать бизнес-процессы; - Тестировать и внедрять результаты разработки.  Требования: - Опыт работы в качестве системного аналитика не менее 1 года; - Знание архитектурных подходов для проектирования высоконагруженных автоматизированных систем; - Представление о форматах данных, применяемых в веб: XML, HTML, JSON, WSDL; - Внимательность, и поэтому в сопроводительном письме вы напишете слово ""ping""; - Понимание способов взаимодействия браузера и сервера: куки, сессии, HTTP, AJAX, сокеты; - Знания в области технологий: REST, SOAP, SQL, шифрование, балансировка нагрузки; - Примеры самостоятельно разработанных ТЗ, алгоритмов, интерфейсов; - Высокая коммуникабельность.  Плюсы работы у нас: - Почему вам может понравиться работать с нами: - Начали в 2005 году, и более 10 лет являемся примером для конкурентов. ABCP — это синоним доверия и качества среди всех участников рынка автозапчастей, потому что мы создаем надежные инструменты для эффективного развития их бизнеса.  → Откликнуться на вакансию   ———  🫶 Стажировки 🧑‍💻 Джун разработчикам 😶 Джун менеджерам 🐱 Джун маркетологам 💙 Мемы и удаленка 💚 Качнуть карьеру",2351
2025-07-16 13:30:57,"🎓 Получи востребованную IT-профессию с высокой З/П и рядом льгот без отрыва от привычной жизни.  Приглашаем вас в онлайн-магистратуру от ТГУ, который входит в 100 сильнейших вузов мира и Топ-7 РФ;  Узнайте подробнее и подайте заявку: https://tglink.io/9ab84a31459b?erid=2W5zFJkNBP6  Преимущества онлайн-обучения в ТГУ: 🔸 Расписание: 20-30 часов в неделю; 🔸 Все преимущества и льготы очного обучения; 🔸 Прохождение практики у лидеров рынка и доступ к суперкомпьютеру CYBERIA для своих проектов; 🔸  Более 100 000 учеников обучились у нас! 97% нашли работу во время обучения.  Формат: Онлайн Формат обучения: Очный  Количество мест ограничено!  Подписывайтесь на наш телеграм и следите за новостями @tsuproject",2499
2025-07-16 12:33:06,"Junior тестировщик  Компания: РУССКАЯ МОРСКАЯ КОМАНДА З/П: не указана Формат работы: Удалённо Источник вакансии: HH  Обязанности: - Анализ технической документации, формирование тестовой документации для проверки разрабатываемого ПО; - Проверка разрабатываемого ПО; - Работа с баг-трекинговой системой (описание и проверка исправлений ошибок); - Формирование отчетов по итогам тестирования;  Требования: - Высшее образование; - Знание методик и основных видов тестирования; - Опыт тестирования web-приложений; - Умение составлять грамотную и понятную тестовую документацию, описания дефектов; - Опыт работы с багтрекинговыми системами; - Коммуникабельность, внимательность к деталям, умение четко излагать свои мысли;  Условия: - Размер заработной платы определяется по результатам собеседования - Оформление по ТК РФ, полис ДМС со стоматологией, компенсация питания, спорт, корпоративные мероприятия - График работы с 9:00 до 18:00  → Откликнуться на вакансию   ———  🫶 Стажировки 🧑‍💻 Джун разработчикам 😶 Джун менеджерам 🐱 Джун маркетологам 💙 Мемы и удаленка 💚 Качнуть карьеру",2435
2025-07-16 08:03:06,"Junior Project manager  Компания: Corplib.ru З/П: от 100 000 до 160 000₽ Формат работы: Удалённо Источник вакансии: HH  Что вы будете делать: - Участвовать в планировании и координации задач команды - Составлять и поддерживать документацию по проектам (таймлайны, отчёты, статус-апдейты) - Вести коммуникацию с заказчиками, уточнять требования - Следить за соблюдением сроков и приоритетов - Контролировать выполнение задач в таск-трекерах - Участвовать в ежедневных митингах и демо - Передавать фидбек от клиентов разработке и дизайну  Что важно для нас: - Интерес к управлению проектами и понимание роли Project Manager'а - Грамотная письменная и устная речь - Умение организовывать работу и расставлять приоритеты - Базовое понимание этапов разработки ПО (frontend, backend, тестирование) - Ответственность и внимательность к деталям - Готовность к работе на полный день (удалённо, без совмещения)  Будет плюсом: - Знание инструментов: Trello / Jira / Notion / Confluence - Понимание Agile/Scrum-методологий - Опыт участия в учебных или волонтёрских проектах - Базовые навыки работы с Figma или Miro - Английский на уровне чтения тех. документации  Мы предлагаем: - Бесплатную стажировку-обучение под руководством опытного тимлида - Возможность трудоустройства после прохождения стажировки - Полную удалёнку, график 5/2  → Откликнуться на вакансию   ———  🫶 Стажировки 🧑‍💻 Джун разработчикам 😶 Джун менеджерам 🐱 Джун маркетологам 💙 Мемы и удаленка 💚 Качнуть карьеру",2518
2025-07-15 16:03:07,"Junior Python Developer  Компания: Фирма Триада З/П: от 80 000 до 100 000 ₽ Формат работы: Удалённо Источник вакансии: HH  Требования: - Стандартные знания Python и желание развиваться в этом направлении (ООП, потоки и т.д.) - Есть опыт работы с Django и/или Fastapi - Умеешь в NoCode разработку, в основном n8n и немного Bubble (или готов быстро научиться) - Понимание принципов работы с базами данных - Не боишься работать с сервером (задач немного, но они будут) - Готовность изучать новые технологии и инструменты.  Условия и преимущества: - Гибкий график работы: 5/2 (но работать придётся много) - Удалённый или в гибридном формате - Полная занятость с возможностью обучения и роста на реальных задачах - Небольшой и дружный коллектив, поддержка на всех этапах работы, без бюрократии, работаем на результат - Возможность быстрого роста до Team Lead  → Откликнуться на вакансию   ———  🫶 Стажировки 🧑‍💻 Джун разработчикам 😶 Джун менеджерам 🐱 Джун маркетологам 💙 Мемы и удаленка 💚 Качнуть карьеру",2413
2025-07-15 12:33:06,Junior DevOps Engineer  Компания: Островок.Ostrovok!Tech З/П: не указана Формат работы: Удалённо Источник вакансии: HH  Задачи: - Администрирование и поддержка работы сервисов; - Настройка процессов сборки и доставки кода; - Автоматизация и оптимизация рутинных действий  Требования: - Опыт работы на схожей роли от одного года; - Опыт работы с Linux; - Знание Ansible; - Знание Docker; - Разговорный английский на уровне B1 (Intermediate). - Готовность работать по графику 2/2 (с 9 до 21 по московскому времени).  Будет плюсом: - Опыт с CI/CD-инструментами; - Опыт с системами мониторинга.  → Откликнуться на вакансию   ———  🫶 Стажировки 🧑‍💻 Джун разработчикам 😶 Джун менеджерам 🐱 Джун маркетологам 💙 Мемы и удаленка 💚 Качнуть карьеру,2274
2025-07-15 08:03:01,"Junior маркетолог  Компания: Техоборонэксперт З/П: от 80 000₽ Формат работы: Удалённо Источник вакансии: HH  Мы ищем человека, который: - Горит желанием создавать яркие и эффективные маркетинговые кампании. Любит анализировать данные и искать новые решения. - Умеет работать в команде и делиться своими идеями. - Следит за тенденциями в маркетинге и не боится экспериментировать. Какой результат мы ожидаем: Привлеченные квалифицированные лиды переданные в отдел продаж через цепочку email-рассылок.  Какие задачи будут стоять перед маркетологом: - Разрабатывать и настраивать CRM -цепочки рассылок; - Работать вместе с руководителем над различными направлениями маркетинга: тестировать и оцифровывать результаты гипотез; - Вместе с командой формировать план продвижения продуктов на рынках; - Искать точки роста и выстраивать маркетинговые гипотезы; - Совместно с отделом продаж и экспертами разрабатывать ценностные предложения для разных аудиторий клиентов; - Разрабатывать коммуникационные, креативные и промо-материалы; - Анализировать эффективность всех проводимых маркетинговых активностей  Что нам очень важно: - умение оцифровывать результаты - опыт и желание развиваться в CRM-маркетинге - умение генерировать и тестировать гипотезы - умение масштабировать успешные гипотезы мыслить стратегически и не бояться ошибаться 🙂  → Откликнуться на вакансию   ———  🫶 Стажировки 🧑‍💻 Джун разработчикам 😶 Джун менеджерам 🐱 Джун маркетологам 💙 Мемы и удаленка 💚 Качнуть карьеру",2347
2025-07-14 16:03:06,"Junior Рекрутер  Компания: Remokate З/П: от 50 000 до 350 000 ₽ Формат работы: Удалённо Источник вакансии: HH  Почему рекрутеру будет с нами хорошо: - У нас классный диверсифицированный портфель клиентов - мы балансируем между огромным и стабильным энтерпрайзом и небольшими, но милыми стартапами; - Возможность познакомиться с системами подбора лучших компаний мира; - Мы обучаем сами и привлекаем спикеров со стороны, чтобы усилить скиллы наших рекрутеров; - Мы достойно оплачиваем работу: рекрутер получает оклад (40 000 джун, 60 000 миддл, 70 000 сеньор), а также от 10 до 25% от оклада нанятого разработчика; - У нас нет минусов за проваленный испыт кандидата для рекрутера, а премия рассчитывается по месяцу выхода кандидата; - Полностью удаленная работа; - Мы веселые и экологичные, притягивающие таких же приятных людей, клиентов и соискателей.  Что нужно будет делать: - Много учиться и впитывать экспертизу у самого лучшего лида; - Искать IT и non-IT (digital, sales, КАМ и др.) специалистов в классные компании; - Прочесывать hh, LinkedIn, HabrCareer, Telegram и др. в поисках кандидатов; - Проводить первичные интервью, писать фидбек о кандидате и заполнять воронку в простой HRM системе.  Кого мы ищем: - Мистера или Мисс Обаяние, самого очаровательного рекрутера;  → Откликнуться на вакансию   ———  🫶 Стажировки 🧑‍💻 Джун разработчикам 😶 Джун менеджерам 🐱 Джун маркетологам 💙 Мемы и удаленка 💚 Качнуть карьеру",2332
2025-07-14 12:03:01,Junior маркетолог  Компания: ЧЕЛОВЕЧЕСКИЙ КАПИТАЛ З/П: от 35 000 до 45 000₽ Формат работы: Удалённо Источник вакансии: HH  Требования: - Базовые знания и опыт ВК и/или ЯД - желательно знание нейросетей - грамотность и навыки в написании писем/постов  Задачи: - вести таргет в ЯД и ВК - Делать воронки для таргета  → Откликнуться на вакансию   ———  🫶 Стажировки 🧑‍💻 Джун разработчикам 😶 Джун менеджерам 🐱 Джун маркетологам 💙 Мемы и удаленка 💚 Качнуть карьеру,2372
2025-07-14 08:33:01,"Хотите задавать ритм студенческой жизни, вдохновлять и вести за собой? Подавайте заявку на амбассадорскую программу от ВТБ и влияйте на развитие бренда одного из самых технологичных банков страны!  Вас ждет:  — обучение современным навыкам: SMM, публичные выступления, ивент-менеджмент; — организация ивентов ВТБ в своем вузе и участие в мероприятиях Банка; — поддержка опытного ментора и персональная обратная связь; — сертификат для портфолио, стильный мерч и доступ к закрытым мероприятиям банка; — приоритетный отбор на стажировки и возможность закрыть учебную практику.  Подавайте заявку на программу, где бы вы ни учились — в столице или в самом сердце региона: https://u.to/TkZPIg",2523
2025-07-11 12:33:06,"Junior дизайнер  Компания: 21 KG З/П: от 25 000 до 40 000 ₽ Формат работы: Удалённо Источник вакансии: HH  Мы ожидаем от кандидата:  - Любовь к желанию создавать: вы должны по настоящему кайфовать от своей работы. - Открытость и желание учиться: мы ценим людей, которые стремятся к новым знаниям и готовы развиваться. - Доброжелательность и вежливость: наша команда с уважением относится ко всем партнерам и нашим заказчикам. - Ответственность и пунктуальность: мы ценим сотрудников, которые выполняют свои обязанности вовремя и качественно. - Готовность быть в команде и не нарушать внутренние установки: отчеты, фото и видео съемка с объекта, фиксация всех отклонений проекта, звонить поставщикам и договариваться на встречу.  Чему обучаем и чем предстоит заниматься:  - Выезд на объект для обсуждения несостыковок (авторский надзор). - Умение работать в Archicad,чтобы оперативно вносить правки для строителей. - Создавать фото и видео на объекте, для фиксации работ и демонстрации заказчику. - Создавать отчеты о проведенном авторском надзоре и фиксации договоренностей  → Откликнуться на вакансию   ———  🫶 Стажировки 🧑‍💻 Джун разработчикам 😶 Джун менеджерам 🐱 Джун маркетологам 💙 Мемы и удаленка 💚 Качнуть карьеру",3015
2025-07-11 08:03:06,"Junior Analyst  Компания: CLS Global З/П: от 2 000$ Формат работы: Удалённо Источник вакансии: HH  Твои задачи: - Проводить скоринг входящих криптопроектов; - Подготавливать предложения для клиентов; - Rонсультировать клиентов по улучшению их Pre-TGE стратегиий; - Помогать в предоставлении консультационных услуг.  Мы ждем от тебя: - Сильное аналитическое мышление и интерес к криптовалютам, блокчейну и токеномике; - Базовое понимание финансов и экономического моделирования; - Отличные письменные и устные коммуникативные навыки, умение понятно объяснять сложные концепции; - Самомотивация и способность работать самостоятельно в удалённой, динамичной среде; - Знание CRM-инструментов и базовых принципов проектного управления.  Мы предлагаем: - Удалённую работу с графиком 5/2 (10:00–19:00 GMT+3); - Компенсация ДМС или абонемента в спортзал;  → Откликнуться на вакансию   ———  🫶 Стажировки 🧑‍💻 Джун разработчикам 😶 Джун менеджерам 🐱 Джун маркетологам 💙 Мемы и удаленка 💚 Качнуть карьеру",2751
2025-07-10 16:03:06,"Junior тестировщик  Компания: Доктор Веб З/П: не указана Формат работы: Питер Источник вакансии: HH  Вам предстоит: - заниматься ручным тестированием антивирусных продуктов и их компонентов; - составлять и поддерживать в актуальном состоянии тест-кейсы; - фиксировать ошибки в багтрекере, контролировать процесс исправления; - помогать технической поддержке компании в разборе сложных кейсов пользователей.  Мы ожидаем, что Вы: - Знаете и понимаете процессы тестирования и разработки программного обеспечения; - Знаете ОС семейства Windows на уровне продвинутого пользователя (что такое процессы, реестр, понимаете, как работает сеть и сможете посмотреть IP адреса компьютера, расскажете нам о протоколе TCP/IP); - Составляли тестовую документацию (чек-листы, тест-кейсы, тест-планы, тест-репорты); - Умеете анализировать информацию и хотите развиваться в сфере тестирования.  Будет плюсом: - опыт работы с виртуальными машинами (VirtualBox, VMWare); - знакомство с утилитами SysInternals (Process Monitor, Process Explorer, ProcDump); - понимание основ сетей.  Мы предлагаем: - Официальное трудоустройство в аккредитованной Минцифры IT-компании; - Современный офис на Петроградской стороне; - Работу в офисе, гибкое начало рабочего дня;  → Откликнуться на вакансию   ———  🫶 Стажировки 🧑‍💻 Джун разработчикам 😶 Джун менеджерам 🐱 Джун маркетологам 💙 Мемы и удаленка 💚 Качнуть карьеру",2611
2025-07-10 12:33:06,"Junior Project manager  Компания: TRUE INTELLIGENCE З/П: не указана Формат работы: Удалённо Источник вакансии: HH  Обязанности: В ваши основные задачи (при поддержке старших членов команды) будет входить: - Управление проектами: разработка анкет, контроль сбора данных, координация проектов, аналитика, подготовка и презентация отчетов (при необходимости). - Работа с клиентами и развитие отношений: обсуждение бизнес- и исследовательских задач, обработка входящих запросов. - Участие в разработке новых продуктов и помощь во внедрении.  Ваши навыки: - Аналитические и коммуникативные навыки: сильные. - Опыт в маркетинговых исследованиях: будет преимуществом. - Знание ИИ: опыт работы с инструментами на основе ИИ – большой плюс. - Языки: свободный английский обязателен. Владение русским. - Личные качества: энергичность, общительность, гибкость, ответственность. Способность быстро обучаться и интерес к технологиям, особенно к ИИ.  Мы предлагаем: - Конкурентную зарплату.  → Откликнуться на вакансию   ———  🫶 Стажировки 🧑‍💻 Джун разработчикам 😶 Джун менеджерам 🐱 Джун маркетологам 💙 Мемы и удаленка 💚 Качнуть карьеру",2563
2025-07-10 09:03:01,"Junior Python Developer  Компания: Фирма Триада З/П: от 80 000 до 100 000 ₽ Формат работы: Удалённо Источник вакансии: HH  Требования: - Стандартные знания Python и желание развиваться в этом направлении (ООП, потоки и т.д.) - Есть опыт работы с Django и/или Fastapi - Умеешь в NoCode разработку, в основном n8n и немного Bubble (или готов быстро научиться) - Понимание принципов работы с базами данных - Не боишься работать с сервером (задач немного, но они будут) - Готовность изучать новые технологии и инструменты.  Условия и преимущества: - Гибкий график работы: 5/2 (но работать придётся много) - Удалённый или в гибридном формате - Полная занятость с возможностью обучения и роста на реальных задачах - Небольшой и дружный коллектив, поддержка на всех этапах работы, без бюрократии, работаем на результат - Возможность быстрого роста до Team Lead  → Откликнуться на вакансию   ———  🫶 Стажировки 🧑‍💻 Джун разработчикам 😶 Джун менеджерам 🐱 Джун маркетологам 💙 Мемы и удаленка 💚 Качнуть карьеру",2453
2025-07-10 07:02:41,"Junior Менеджер по работе с ключевыми клиентами / JKAM (E-com)  Компания: Garantis З/П: не указана Формат работы: Москва, офис Источник вакансии: vseti.app  Москва, офис ЗП обсуждается индивидуально Garantis - молодая и активная команда, которая уже четыре года подряд разрывает российский Е-сом. Средний возраст всего 25 лет, поэтому мы открыты к любым новым идеям и готовы проявлять гибкость ко всему, кроме посредственного уровня перформанса. ‍ Какие будут задачи? - Управлять личным кабинетом на Яндекс Маркете, вести его как самостоятельный проект; - Разрабатывать и реализовывать стратегии по росту продаж наших брендов (HealthIs, Handy и Kottur); - Анализировать данные по продажам, рыночные тенденции и другую информацию, для выявления зон развития; - Помогать Sales команде в ключевых задачах компании; - Погружаться в статистику и всегда знать почему произошел рост или падение; - Выстраивать эффективное кросс-функциональное взаимодействие с командой маркетинга и логистики; - Быстрее других адаптироваться под изменения рынка для достижения лучших результатов в индустрии. ‍ Наши ожидания: - Развитые навыки коммуникации и умение найти подход к любому человеку; - Развитые аналитические способности; - Четкое понимание потребностей и поведения клиентов; - Понимание основных принципов работы российского е-ком будет существенным плюсом; - Владение Excel на продвинутом уровне. ‍ Откликнуться: @hr_garantis_trade   ———  🫶 Стажировки 🧑‍💻 Джун разработчикам 😶 Джун менеджерам 🐱 Джун маркетологам 💙 Мемы и удаленка 💚 Качнуть карьеру",2311
2025-07-09 16:33:37,Junior DevOps Engineer  Компания: Островок.Ostrovok!Tech З/П: не указана Формат работы: Удалённо Источник вакансии: HH  Задачи: - Администрирование и поддержка работы сервисов; - Настройка процессов сборки и доставки кода; - Автоматизация и оптимизация рутинных действий  Требования: - Опыт работы на схожей роли от одного года; - Опыт работы с Linux; - Знание Ansible; - Знание Docker; - Разговорный английский на уровне B1 (Intermediate). - Готовность работать по графику 2/2 (с 9 до 21 по московскому времени).  Будет плюсом: - Опыт с CI/CD-инструментами; - Опыт с системами мониторинга.  → Откликнуться на вакансию   ———  🫶 Стажировки 🧑‍💻 Джун разработчикам 😶 Джун менеджерам 🐱 Джун маркетологам 💙 Мемы и удаленка 💚 Качнуть карьеру,2409
2025-07-09 12:33:01,"Junior маркетолог  Компания: Техоборонэксперт З/П: от 80 000₽ Формат работы: Удалённо Источник вакансии: HH  Мы ищем человека, который: - Горит желанием создавать яркие и эффективные маркетинговые кампании. Любит анализировать данные и искать новые решения. - Умеет работать в команде и делиться своими идеями. - Следит за тенденциями в маркетинге и не боится экспериментировать. Какой результат мы ожидаем: Привлеченные квалифицированные лиды переданные в отдел продаж через цепочку email-рассылок.  Какие задачи будут стоять перед маркетологом: - Разрабатывать и настраивать CRM -цепочки рассылок; - Работать вместе с руководителем над различными направлениями маркетинга: тестировать и оцифровывать результаты гипотез; - Вместе с командой формировать план продвижения продуктов на рынках; - Искать точки роста и выстраивать маркетинговые гипотезы; - Совместно с отделом продаж и экспертами разрабатывать ценностные предложения для разных аудиторий клиентов; - Разрабатывать коммуникационные, креативные и промо-материалы; - Анализировать эффективность всех проводимых маркетинговых активностей  Что нам очень важно: - умение оцифровывать результаты - опыт и желание развиваться в CRM-маркетинге - умение генерировать и тестировать гипотезы - умение масштабировать успешные гипотезы мыслить стратегически и не бояться ошибаться 🙂  → Откликнуться на вакансию   ———  🫶 Стажировки 🧑‍💻 Джун разработчикам 😶 Джун менеджерам 🐱 Джун маркетологам 💙 Мемы и удаленка 💚 Качнуть карьеру",2311
2025-07-09 08:03:01,"Junior Recruiter  Компания: ЭйЧар Тим З/П: не указана Формат работы: Удалённо Источник вакансии: HH  Обязанности: - Поиск и подбор кандидатов через job-платформы, соцсети и другие источники. - Проведение начальных интервью. - Общение с кандидатами. - Подготовка и обновление базы резюме. - Отчет о проделанной работе.  Требования: - Интерес к IT и базовые знания о технических специальностях. - Умение работать с LinkedIn, Djinni и другими платформами для поиска. - Базовые знания процессов найма - Умение создавать JD (job description) - Навыки коммуникации и организованности. - Желание учиться и развиваться.  Что мы предлагаем: - Гибкий график работы. - Оплата за закрытые вакансии (с учетом %).  → Откликнуться на вакансию   ———  🫶 Стажировки 🧑‍💻 Джун разработчикам 😶 Джун менеджерам 🐱 Джун маркетологам 💙 Мемы и удаленка 💚 Качнуть карьеру",2347
2025-07-08 12:33:01,"Junior Game Designer  Компания: Gear Games З/П: не указана Формат работы: Удалённо Источник вакансии: HH  Основные направления работы: - Развитие и поддержка игровой экономики: задания, награды, боевой пропуск и т.д. - Разработка и настройка боевого баланса: юниты, герои, экипировка и т.д. - Анализ игровых данных и статистики для улучшения игрового опыта и основных метрик проекта - Взаимодействие с командой разработчиков, художников и аналитиков для внедрения и тестирования изменений - Проведение плейтестов новых механик и сбор фидбека  Мы ждем: - Уверенные знания математики и мат.статистики - Уверенные навыки работы с Google Sheets - Большой игровой опыт на мобильных платформах - Большой игровой опыт в RTS и понимание жанра - Высшее или неполное высшее образование (предпочтительно математическое/техническое) - Понимание основ проектирования игровых механик  Будет плюсом: - Понимание экономики и монетизации мобильных игр - Понимание работы с аналитикой  Мы предлагаем: - Гибкий старт рабочего дня (9-10 по МСК), возможность удаленной работы, включая зарубежные страны - Система наставничества: ежемесячные встречи 1 на 1 с ментором для обсуждения карты развития - Уроки английского дважды в неделю с оплатой 50% занятий (после испытательного срока) - Оплата 50% годового абонемента в спортзал или другого спортивного курса после испытательного срока - 3 офиса в России (Москва, Кострома, Курск)  → Откликнуться на вакансию   ———  🫶 Стажировки 🧑‍💻 Джун разработчикам 😶 Джун менеджерам 🐱 Джун маркетологам 💙 Мемы и удаленка 💚 Качнуть карьеру",2349
2025-07-08 09:03:01,"Погода за окном так и шепчет: «пора на море строить карьеру в 2ГИС» 👀💚  А кто мы такие, чтобы спорить с погодой? Тем более в 2ГИС ты можешь прийти без опыта. Главное – желание, энергия и интерес. Остальному научим.  У нас: ▪️Наставник рядом с первого дня. ▪️Практическое обучение без лишней теории. ▪️Спокойная атмосфера и поддержка. ▪️Честная система дохода: фикс + бонусы = всё прозрачно.  Откликайся на наши вакансии в Москве: Менеджер по продажам Ведущий менеджер по продажам Руководитель группы продаж  Не бойся начинать. Делай это с нами. 2ГИС ждёт тебя 💚",2295
2025-07-08 08:03:01,"Junior аналитик  Компания: ABCP З/П: от 170 000₽ Формат работы: Удалённо Источник вакансии: HH  Обязанности: - Интервьюировать заказчиков/пользователей, выявлять и собирать требования; - Прорабатывать варианты оптимизации текущего функционала и предлагать решения возникающих проблем; - Анализировать и документировать требования; - Планировать RoadMap и вести бэклог; - Выступать связующим звеном между разработкой и Заказчиком со всеми вытекающими; - Прототипировать интерфейсы и проектировать бизнес-процессы; - Тестировать и внедрять результаты разработки.  Требования: - Опыт работы в качестве системного аналитика не менее 1 года; - Знание архитектурных подходов для проектирования высоконагруженных автоматизированных систем; - Представление о форматах данных, применяемых в веб: XML, HTML, JSON, WSDL; - Внимательность, и поэтому в сопроводительном письме вы напишете слово ""ping""; - Понимание способов взаимодействия браузера и сервера: куки, сессии, HTTP, AJAX, сокеты; - Знания в области технологий: REST, SOAP, SQL, шифрование, балансировка нагрузки; - Примеры самостоятельно разработанных ТЗ, алгоритмов, интерфейсов; - Высокая коммуникабельность.  Плюсы работы у нас: - Почему вам может понравиться работать с нами: - Начали в 2005 году, и более 10 лет являемся примером для конкурентов. ABCP — это синоним доверия и качества среди всех участников рынка автозапчастей, потому что мы создаем надежные инструменты для эффективного развития их бизнеса.  → Откликнуться на вакансию   ———  🫶 Стажировки 🧑‍💻 Джун разработчикам 😶 Джун менеджерам 🐱 Джун маркетологам 💙 Мемы и удаленка 💚 Качнуть карьеру",2357
2025-07-07 12:33:06,"Junior Product Manager  Компания: Магнетто З/П: не указана Формат работы: Удалённо Источник вакансии: HH  ОСНОВНЫЕ ЗАДАЧИ: - лидировать реинжиниринг основной платформы и построение бэкофиса, создавать и улучшать системы, уделяя особое внимание автоматизации и разработке максимально удобных пользовательских сценариев (с помощью внедрения таких инструментов, как Retool); - активно взаимодействовать с бизнес-заказчиками, чтобы выявлять их потребности и находить новые возможности для улучшения системы; - формулировать и тестировать гипотезы, которые помогут упростить и автоматизировать пользовательский путь в сложных системах, а также ускорить процессы работы; - управлять бэклогом продукта, эффективно расставляя приоритеты для команды разработки; - тесно сотрудничать с командой разработки и кросс-функциональными командами, чтобы создавать надёжный продукт и оптимизировать процессы его разработки и поддержки; - использовать данные и аналитику для оценки эффективности продуктовых решений.  НАМ ВАЖНЫ: - опыт работы Product Manager'ом от 1 года или релевантный опыт в смежных ролях (проектный менеджер, аналитик);  -практический технический бэкграунд в роли разработчика, QA или L2 Support, глубокое понимание технических аспектов IT-решений; - знание JavaScript & SQL (на уровне junior) и опыт работы с базами данных; - опыт работы с Retool или аналогичными low-code платформами будет плюсом; - опыт в проектировании сложных личных кабинетов, бэкофисных систем или систем документооборота будет большим плюсом; - умение расставлять приоритеты, четко понимая, что действительно важно для продукта и бизнеса; - навык выстраивать продуктивную работу с бизнес-заказчиками и кросс-функциональными командами.  МЫ ПРЕДЛАГАЕМ: - работу с инновационными digital-решениями и расширение вашего опыта на перспективных рынках; - удобный формат работы на выбор - удаленно из любой точки на карте или гибрид с возможностью посещения комфортного офиса в Москве или Казани;  → Откликнуться на вакансию   ———  🫶 Стажировки 🧑‍💻 Джун разработчикам 😶 Джун менеджерам 🐱 Джун маркетологам 💙 Мемы и удаленка 💚 Качнуть карьеру",2406
2025-07-07 08:03:06,"Junior Fullstack разработчик  Компания: IntraVision З/П: от 30 000₽ Формат работы: Удалённо Источник вакансии: HH  Обязанности: - Разработка и сопровождение веб-приложений   Требования: - Релевантный опыт в коммерческой разработке от 1 года - Обязательное знание технологий back-end: C# 10 и выше, .NET Core, PostgreSQL; Знание принципов ООП, SOLID - Знание следующих технологий преимуществом: ASP.NET MVC, MS SQL, Design Patterns, протоколы авторизации: OAuth 2.0, OIDC - Обязательное знание технологий front-end: React, Typescript, NextJS, HTML, CSS, JavaScript - Знание следующих технологий преимуществом: Material-Ui, знание подхода CSS-in-JS  Условия: - Удаленная работа, полная занятость - Стабильная заработная плата  → Откликнуться на вакансию   ———  🫶 Стажировки 🧑‍💻 Джун разработчикам 😶 Джун менеджерам 🐱 Джун маркетологам 💙 Мемы и удаленка 💚 Качнуть карьеру",2608
2025-07-04 12:33:06,"Junior Project Manager  Компания: Томору З/П: от 30 000₽ Формат работы: Удалённо Источник вакансии: HH  Чем ты будешь заниматься? - Вести AI-проекты клиентов. Помогать запускать голосовых и текстовых роботов под задачи бизнеса. - Проводить Zoom-встречи и разбирать запросы. Выяснять, что нужно клиенту, и предлагать лучшее решение. - Работать с командой разработки. Быть связующим звеном между клиентом, техподдержкой и проджектами. - Разбираться в AI-продуктах. Понимать, как работает робот и где можно усилить результат — без кодинга. - Фиксировать задачи и анализировать результат. Работать в CRM, таск-трекере и влиять на метрики: конверсии, доходимость, согласие.  Что важно? - Ты умеешь слушать и быстро вникать в суть задач. - Тебе интересно, как устроены AI-продукты и проекты в IT. - Ты хочешь развиваться в роли менеджера и расти вместе с командой. - У тебя был опыт общения с клиентами — в продажах, сервисе, обучении или поддержке (плюс, но не обязательно). - Ты не боишься ответственности и умеешь доводить дела до результата.  Что по условиям? - Стартовая зарплата от 30 000 руб. (фикс + бонусы по KPI), пересмотр дохода каждые 4 месяца. - Полная удалёнка — можно работать из любой точки мира. - График: 5/2, с 9:00 до 18:00 по МСК. - Обучение с нуля + сертификат Junior Project Manager после вводного курса.  → Откликнуться на вакансию   ———  🫶 Стажировки 🧑‍💻 Джун разработчикам 😶 Джун менеджерам 🐱 Джун маркетологам 💙 Мемы и удаленка 💚 Качнуть карьеру",2917
2025-07-04 09:03:01,"Junior Embedded Linux   Компания: БЮРО 1440 З/П: не указана Формат работы: Удалённо Источник вакансии: Habr  Чего мы ожидаем: - Высшее техническое образование в сфере информационных технологий или программной инженерии. - Опыт разработки на языках программирования C/C++ в среде Linux от 2 лет. - Понимание архитектуры Linux Kernel и принципов работы операционной системы. - Знание системного программирования и межпроцессного взаимодействия в Linux. - Опыт работы с инструментами сборки (Make, CMake) и системами контроля версий (Git). - Навыки работы с Buildroot для создания пользовательских дистрибутивов Linux.  Мы предлагаем: - Работу в аккредитованной ИТ-компании; - Шаг в космос - для тех, кто вдохновлен идеей покорения космоса и мечтает быть к этому причастным; - Возможность выбора формата работы  (офис/гибрид/удаленный формат); - Оформление в соответствии с ТК РФ; - Конкурентный уровень заработной платы - на уровне лидеров ИТ/телеком-индустрии.  → Откликнуться на вакансию   ———  🫶 Стажировки 🧑‍💻 Джун разработчикам 😶 Джун менеджерам 🐱 Джун маркетологам 💙 Мемы и удаленка 💚 Качнуть карьеру",2678
2025-07-04 07:03:01,"⚡️Пошаговый план: как стать аналитиком данных в 2025  Хотите попасть в аналитику, но теряетесь в море информации и не понимаете, какие навыки действительно важны? Боитесь, что без опыта вас не возьмут на работу? И да, ещё один популярный вопрос — а что, если мне 30/40/50+ лет?  Андрон Алексанян —  эксперт по аналитике с 8 летним опытом и по совместительству CEO Simulative — покажет рабочие схемы и четкий план, как устроиться в аналитику быстрее, даже если у вас нет опыта.  Что будет на вебинаре?  🟠 Разберем полный роадмап: что учить, в каком порядке, до какого уровня; 🟠 Лайфхаки трудоустройства: — Покажем реальные примеры, как оформить резюме и портфолио, чтобы привлекать внимание; — Обсудим какие отклики работают, а какие сразу отправляют в корзину; — Изнанка найма: инсайдерский взгляд на процессы отбора 🟠 Практические техники для новичков: разберём, как компенсировать недостаток опыта и быстро закрывать пробелы в знаниях.  🕗 Важно досмотреть вебинар до конца, чтобы получить бонус от нас, который поможет бустануть карьеру.  😶Зарегистрироваться на бесплатный вебинар",2581
2025-07-03 16:03:01,"Junior DevOps Engineer  Компания: MediaNation З/П: до 70 000₽ Формат работы: Удалённо Источник вакансии: HH  Обязанности: - Поддерживать стабильную работу веб-сервисов компании; - Работать с Docker и Docker Compose (включая написание и поддержку `docker-compose.yaml`); - Участвовать в развертывании и мониторинге сервисов в Kubernetes; - Настраивать и поддерживать окружения на базе Linux; - Настраивать Nginx (как балансировщик, прокси и веб-сервер).  Требования: - Опыт работы с Docker и Docker Compose — уверенный уровень; - Знание Linux: базовая администрирование, понимание системных процессов; - Опыт настройки Nginx: конфигурация, редиректы, проксирование; - Базовое представление о Kubernetes (K8s) и желание развиваться в этом направлении.  Взамен мы предлагаем тебе - Возможность выбирать комфортный формат работы: удалённо или гибрид; - Работа в команде профессионалов и наставников;  → Откликнуться на вакансию   ———  🫶 Стажировки 🧑‍💻 Джун разработчикам 😶 Джун менеджерам 🐱 Джун маркетологам 💙 Мемы и удаленка 💚 Качнуть карьеру",2611
2025-07-03 12:33:06,"Junior маркетолог  Компания: Гринлид Групп З/П: до 40 000₽ Формат работы: Удалённо Источник вакансии: HH  Обязанности: - Планирование и координация работы команды по проекту (контекстолог-таргетолог, seo-специалист, графический дизайнер, web-программист и пр.); - Выстраивание взаимоотношений и работы с представителями клиента по закрепленным проектам; - Разработка и реализация маркетинговых/рекламных кампаний, направленных на продвижение товаров или услуг клиента; - Разработка рекламных и презентационных материалов; - Работа с сайтами и социальными сетями; - Работа с подрядчиками: заказ печатной и сувенирной продукции, промо-персонал, размещение рекламы (наружная реклама, радио, тв) и пр.; - Организация фото/видео съемок; - Организация и проведение event-мероприятий; - Отчетность  Требования: - Любишь маркетинг и хочешь в нем развиваться; - Развитые коммуникативные и организаторские способности; - Можно без опыта работы; - Образование в направлении маркетинг или реклама; - Продвинутый пользователь ПК; - Умеешь работать в условиях многозадачности, готовность к большим объёмам работы.  Будет твоим преимуществом если: - Есть опыт в администрировании сайтов в cms; - Знаешь графический программы: Photoshop или Figma; - Знаешь что такое SEO и контекстная реклама.  Условия: - Заработная плата по результатам собеседования; - График работы: 5/2 (с 9.00 до 18.00);  → Откликнуться на вакансию   ———  🫶 Стажировки 🧑‍💻 Джун разработчикам 😶 Джун менеджерам 🐱 Джун маркетологам 💙 Мемы и удаленка 💚 Качнуть карьеру",2539
2025-07-03 08:33:06,"Junior рекрутер  Компания: Яндекс Крауд З/П: от 40 000₽ Формат работы: Удалённо Источник вакансии: HH  Какие задачи вас ждут - Искать кандидатов с помощью разных инструментов («Хабр Карьера», «Мэтчи», hh.ru, LinkedIn, внутренняя база), расширять список источников - Проводить первичные интервью, назначать собеседования с рекрутером и технические секции - Обрабатывать отклики и списки, вести базу данных соискателей - Много и регулярно учиться  Мы ждём, что вы - Понимаете основные технологические стеки и знаете IT-терминологию - Работали в IT-сорсинге минимум полгода — будет плюсом - Умеете планировать своё время, готовы к многозадачности и полному рабочему дню - Нацелены на результат и карьерный рост, быстро учитесь  Для работы потребуются - Компьютер с операционной системой Windows 10 или macOS версии 10.12 и выше - Смартфон или планшет с операционной системой Android 6.0 или iOS 15.0 и выше - Стабильное интернет-соединение со скоростью не менее 20 Мбит/с  Что мы предлагаем - Официальное трудоустройство, полную занятость - Удалённую работу и график 5/2 в промежутке с 10 до 19 часов по Москве - Стабильный доход, средний уровень которого — от 40 000 рублей (на руки). Оплата труда сдельная, зависит от количества выполненных задач и достигнутых целей (KPI) - Возможности роста и развития - Оплачиваемое онлайн-обучение перед стартом - Оплату больничных и отпусков  → Откликнуться на вакансию   ———  🫶 Стажировки 🧑‍💻 Джун разработчикам 😶 Джун менеджерам 🐱 Джун маркетологам 💙 Мемы и удаленка 💚 Качнуть карьеру",2548
2025-07-02 12:33:06,"Junior дизайнер  Компания: Аренадата Софтвер З/П: до 50 000₽ Формат работы: Удалённо Источник вакансии: HH  Что делать: - систематизировать и оптимизировать существующие компоненты дизайн-системы: подписывать слои, создавать варианты, настраивать стили. - разбирать вместе с ведущим дизайнером технический бэклог: дорисовывать недостающие состояния и варианты компонентов. - помогать ведущему дизайнеру актуализировать и приводить в порядок все реализованные макеты продукта, включая страницы и сценарии. - совместно с ведущим дизайнером разрабатывать макеты для ключевых компонентов и страниц продукта.  Мы ждём, что вы: - уверенно владеете Figma, включая создание компонентов и вариантов для дизайн-системы с правильным использованием англоязычных неймингов. - понимаете принципы работы с UI KIT и стилями в Figma. Опыт работы с дизайн-системами будет преимуществом, но мы также рассматриваем кандидатов, готовых быстро освоить эту область. - внимательны к деталям и аккуратны при выполнении повторяющихся задач. - готовы выполнять рутинные задачи.  → Откликнуться на вакансию   ———  🫶 Стажировки 🧑‍💻 Джун разработчикам 😶 Джун менеджерам 🐱 Джун маркетологам 💙 Мемы и удаленка 💚 Качнуть карьеру",2696
2025-07-02 08:03:06,"Junior crm маркетолог  Компания: Газпром З/П: не укаана Формат работы: Питер Источник вакансии: HH  Чем предстоит заниматься: - Проводить анализ бизнес-процессов и описывать в нотации BPMN - Выявлять области для улучшения эффективности и оптимизации бизнес-процессов - Работать с нечеткими требованиями и гипотезами Продукт оунеров для разработки новых продуктов и функциональности действующих проектов - Собирать и анализировать данные, разрабатывать рекомендации по улучшению бизнес-моделей и стратегий - Взаимодействовать с командами по разработке, маркетингу в целях выявления потребностей и разработки новых продуктов - Подготавливать аналитические отчеты и презентации для руководства компании - Обучать и консультировать сотрудников по вопросам бизнес-аналитики и оптимизации процессов  Что для нас важно: - Опыт работы бизнес-аналитиком - Gонимание бизнес-процессов и умение выявлять проблемные области - Опыт работы с описанием бизнес-процессов в нотации BPMN - Аналитическое мышление и умение принимать решения на основе данных - Коммуникативные навыки и умение работать в команде  Что мы предлагаем: - График 5/2 с 09:00 до 18:00, по договоренности с руководителем начало рабочего дня возможно сдвинуть +/— на 1 час.  → Откликнуться на вакансию   ———  🫶 Стажировки 🧑‍💻 Джун разработчикам 😶 Джун менеджерам 🐱 Джун маркетологам 💙 Мемы и удаленка 💚 Качнуть карьеру",2558
2025-07-01 16:03:01,"Junior QA Engineer  Компания: Playrix З/П: не указана Формат работы: Удалённо Источник вакансии: HH  Задачи: - ручное тестирование новых фич игры на платформах iOS, Android, Amazon, MacOS, UWP; - тестирование всего проекта в рамках предсабмитных и сабмитных проверок новых версий игры; - своевременное занесение найденных ошибок в баг-трекер.  Требования: - ищем заряженного человека с горящими глазами и готового быстро расти; - опыт ручного тестирования мобильных приложений от 6 месяцев; - техническое образование; - знание теории тестирования; - мобильный игровой опыт, интерес к игровой индустрии.  Будет плюсом: - знание основ программирования и понимание клиент-серверного взаимодействия.  Мы предлагаем: - Гибкий график и работу в локации на выбор: Армения, Казахстан, Грузия.  Забота о здоровье и well-being: - Предоставляем ДМС для сотрудников, их партнеров и детей, компенсируем онлайн-сессии с психологом.  → Откликнуться на вакансию   ———  🫶 Стажировки 🧑‍💻 Джун разработчикам 😶 Джун менеджерам 🐱 Джун маркетологам 💙 Мемы и удаленка 💚 Качнуть карьеру",2622
2025-07-01 12:33:06,"Junior Project Manager  Компания: Strikt З/П: от 50 000 до 80 000₽ Формат работы: Удалённо Источник вакансии: Habr  Чем предстоит заниматься: - Разработка и согласование с заказчиком концепции, целей и основных этапов проекта; - Планирование работ по проекту и их оперативная корректировка в случае необходимости; - Организация проектных работ в соответствии с планом, постановка задач команде, координация действий между участниками, контроль выполнения в заданный срок и с требуемым качеством; - Декомпозиция задач; - Администрирование проектных работ в таск-трекерах; - Контроль расходов по проекту в соответствии с утвержденным бюджетом; - Ведение отчетности по проекту; - Подготовка и проведение презентации проекта; - Выстраивание коммуникации в команде и ее мотивация. - Помощь во взаимодействии с подрядчиками и контрагентами; - Тестирование работы систем;  Что мы ожидаем от Вас: - Опыт управления IT-проектами от  6-12 месяцев (коммерческий); - Понимание IT-отрасли; - Техническое образование (ещё учитесь или закончили ВУЗ или Техникум); - Умение составлять грамотное ТЗ; - Понимаете принципы создания и развития IT-продуктов; - Знание Kaiten, Notion или других трекеров задач; - Знание методологии управления проектами и понимание проектных процессов; - Уверенный пользователь Google Sheets;  -Вы находитесь в РФ;  Будет также плюсом: - Грамотная письменная и устная речь; - Умение работать в многозадачном режиме; - Эффективно работаете в команде; - Имеете чувство прекрасного;  → Откликнуться на вакансию   ———  🫶 Стажировки 🧑‍💻 Джун разработчикам 😶 Джун менеджерам 🐱 Джун маркетологам 💙 Мемы и удаленка 💚 Качнуть карьеру",2509
2025-07-01 08:03:06,"Junior Разработчик JS+React  Компания: ИТ-Холдинг Т1 З/П: не указана Формат работы: Удалённо Источник вакансии: Habr  Ожидания от кандидата - обучаешься в вузе по технической или ИТ-специальности: студент 3-6 курсов бакалавриата или специалитета, 1-2 курсов магистратуры; - опыт работы необязателен; - знаешь основы HTML, CSS, JS Core, React - опыт тестирования ПО - понимание сетевого взаимодействия - знание основ микросервисной архитектуры - понимание SQL-запросов, работа с СУБД - знание основ информационной безопасности - понимание типов хранения данных и кэширования  Что в программе интенсива? - Архитектура, клиент-серверное взаимодействие - BFF (Backend For Frontend) - Микрофронты - Паттерны программирования (SOLID, YAGNI, DRY, KISS) - React - State-менеджеры - Тестирование, автотесты.  → Откликнуться на вакансию   ———  🫶 Стажировки 🧑‍💻 Джун разработчикам 😶 Джун менеджерам 🐱 Джун маркетологам 💙 Мемы и удаленка 💚 Качнуть карьеру",2478
2025-06-30 16:03:01,Junior DevOps Engineer  Компания: Островок.Ostrovok!Tech З/П: не указана Формат работы: Удалённо Источник вакансии: HH  Задачи: - Администрирование и поддержка работы сервисов; - Настройка процессов сборки и доставки кода; - Автоматизация и оптимизация рутинных действий  Требования: - Опыт работы на схожей роли от одного года; - Опыт работы с Linux; - Знание Ansible; - Знание Docker; - Разговорный английский на уровне B1 (Intermediate). - Готовность работать по графику 2/2 (с 9 до 21 по московскому времени).  Будет плюсом: - Опыт с CI/CD-инструментами; - Опыт с системами мониторинга.  → Откликнуться на вакансию   ———  🫶 Стажировки 🧑‍💻 Джун разработчикам 😶 Джун менеджерам 🐱 Джун маркетологам 💙 Мемы и удаленка 💚 Качнуть карьеру,2540
2025-06-30 14:33:06,"Junior маркетолог  Компания: Core.xp З/П: не указана Формат работы: Удалённо Источник вакансии: HH  Ключевые задачи: - Разработка стратегии email, SMS, WhatsApp, Telegram-рассылок - Написание текстов, подбор визуального контента, анализ метрик (OR, CTR, CR). - Работа с классифайдами (досками объявлений): размещение и обновление объявлений (Авито, Циан, Яндекс Недвижимость, Prian и др.); тестирование форматов, настройка коллтрекинга, анализ входящих лидов - Создание текстового, фото- и видеоконтента (с использованием ИИ или вручную) - Разработка прототипов (Figma/Webflow/Tilda). - Самостоятельное создание и верстка страниц на Tilda и наполнения контентом (тексты, фото, видео) - Интеграция лид-форм и квизов, посадочных страниц с Calltouch, Roistat, CRM самостоятельно или с привлечением IT - специалиста - Сбор данных, анализ эффективности, формирование рекомендаций - Подготовка еженедельной и ежемесячной отчетности  Каким мы видим подходящего кандидата: - Базовые знания маркетинговых метрик и инструментов, опыт стажировки или работы от 6 месяцев - Коммуникационные навыки и умение работать с разными командами - Готовность к работе в режиме многозадачности и соблюдению дедлайнов - Внимательность к деталям, грамотность и аккуратность в работе с данными - Креативное мышление и поиск нестандартных решений  Что мы предлагаем: - Полная занятость 5\2: на исп. срок (3 месяца) работа в офисе, после исп. срока предлагаем гибридный график работы (1-2 дня удаленно) - Комфортный офис в 2 минутах пешком от м. Москва-Сити (БЦ ""ОКО"")  → Откликнуться на вакансию   ———  🫶 Стажировки 🧑‍💻 Джун разработчикам 😶 Джун менеджерам 🐱 Джун маркетологам 💙 Мемы и удаленка 💚 Качнуть карьеру",2313
2025-06-30 11:03:06,"Junior рекрутер  Компания: Цифровые привычки З/П: от 70 000₽ Формат работы: Удалённо Источник вакансии: HH  Обязанности: - Поиск специалистов с использованием пассивного (публикация вакансий, работа с входящими откликами, базой) и активного поиска; - Организация и проведение собеседований с заказчиком, а также получение последующей обратной связи, выставление оффера; - Анализ эффективности того или иного канала привлечения кандидатов; - Проведение предварительной оценки hard и soft скиллов кандидатов; - Обеспечивать качественное и своевременное закрытие ВК вакансий.  Мы ожидаем: - Опыт работы в аналогичной должности не менее 1 года в IT; - Опыт работы в кадровом агентстве; - Понимание специфики IT-рынка: география поиска, уровень квалификации, соответствие резюме и профиля кандидата основным требованиям заказчика; - Умение использовать поисковые инструменты и находить необходимые данные кандидатов; - Ответственность, внимательность к деталям, нацеленность на результат; - Грамотная речь, высокий уровень эмпатии, навык деловой переписки.  В ответ мы предлагаем: - Полный рабочий день с возможностью удалённой работы (выбери, как тебе удобнее); - Гибкое начало рабочего дня; - Оформление по договору ГПХ / ИП / СЗ;  → Откликнуться на вакансию   ———  🫶 Стажировки 🧑‍💻 Джун разработчикам 😶 Джун менеджерам 🐱 Джун маркетологам 💙 Мемы и удаленка 💚 Качнуть карьеру",2400
2025-06-30 09:01:06,"💲Каналы с Junior IT вакансиями и стажировками  Подписывайся и забирай свой оффер⚡   1. IT вакансии по СНГ 2. IT стажировки по СНГ 3. IT стажировки в топовых компаниях мира 4. Удалённые IT вакансии и стажировки 5. Python вакансии и стажировки 6. БИГТЕХ вакансии и стажировки 7. Design вакансии и стажировки 8. QA вакансии и стажировки 9. Junior вакансии и стажировки 10. Frontend вакансии и вопросы собесов 11. Вакансии и стажировки для аналитиков 12. Вакансии в русских стартапах за границей 13. Вакансии и стажировки для DevOps 14. Вакансии, которых нет на ХХ.РУ",2473
2025-06-30 07:03:01,"Хотите влиять на цифровые сервисы, которыми пользуются миллионы? В совместной магистратуре «Управление продуктом в ИТ-бизнесе» от Авито и НИУ ВШЭ вы будете развиваться в продакт-менеджменте и решать реальные бизнес-задачи с возможностью учиться у лучших практиков за счет Авито.   Что вас ждет на программе: — перспектива учиться бесплатно — 30 из 42 мест оплачивает Авито; — диплом ведущего вуза — НИУ ВШЭ; — актуальные навыки развития цифровых продуктов — от запуска до масштабирования, чтобы стать востребованным продактом; — возможность попасть на Avito Product Bootcamp — программу, которая проходит в одной из продуктовых команд Авито. Вы будете решать бизнес-задачи, опираясь на знания, полученные на учёбе.  Магистратура подойдет как новичкам, так и опытным специалистам — подавайте заявку уже сейчас: https://u.to/vF1MIg",2554
2025-06-27 16:40:01,"Junior Разработчик n8n для съёмки обучающих уроков и поддержки учеников  Компания: NDA З/П: не указана Формат работы: Удалённо Источник вакансии: Vseti  Ищем разработчика n8n для съёмки обучающих уроков и поддержки учеников В образовательный проект по автоматизации и нейросетям требуется разработчик, уверенно работающий с n8n.  Задачи: – Запись 4–6 видеоуроков в месяц (автоматизации, AI-боты, интеграции) – Пояснение логики сценариев, работа с API, вебхуками, GPT – Поддержка учеников: ответы на вопросы в чате, разбор типичных ошибок  Требования: – Опыт работы с n8n от 6 месяцев – Понимание low-code логики, API, JSON, кастомные функции (JS) – Умение объяснять просто и по делу  Формат: – Удалённо, гибкий график – Коммуникация через Telegram – Оплата по урокам + бонус за поддержку Подходит для тех, кто ищет подработку, хочет монетизировать свой опыт и развиваться в EdTech.  Ссылка на анкету для отклика — ниже   ———  🫶 Стажировки 🧑‍💻 Джун разработчикам 😶 Джун менеджерам 🐱 Джун маркетологам 💙 Мемы и удаленка 💚 Качнуть карьеру",2761
2025-06-27 13:33:06,"Junior дизайнер  Компания: Аренадата Софтвер З/П: до 50 000₽ Формат работы: Удалённо Источник вакансии: HH  Что делать: - систематизировать и оптимизировать существующие компоненты дизайн-системы: подписывать слои, создавать варианты, настраивать стили. - разбирать вместе с ведущим дизайнером технический бэклог: дорисовывать недостающие состояния и варианты компонентов. - помогать ведущему дизайнеру актуализировать и приводить в порядок все реализованные макеты продукта, включая страницы и сценарии. - совместно с ведущим дизайнером разрабатывать макеты для ключевых компонентов и страниц продукта.  Мы ждём, что вы: - уверенно владеете Figma, включая создание компонентов и вариантов для дизайн-системы с правильным использованием англоязычных неймингов. - понимаете принципы работы с UI KIT и стилями в Figma. Опыт работы с дизайн-системами будет преимуществом, но мы также рассматриваем кандидатов, готовых быстро освоить эту область. - внимательны к деталям и аккуратны при выполнении повторяющихся задач. - готовы выполнять рутинные задачи.  → Откликнуться на вакансию   ———  🫶 Стажировки 🧑‍💻 Джун разработчикам 😶 Джун менеджерам 🐱 Джун маркетологам 💙 Мемы и удаленка 💚 Качнуть карьеру",2662
2025-06-27 10:03:11,"Junior аналитик  Компания: Novo BI З/П: не указана Формат работы: Удалённо Источник вакансии: HH  Вам предстоит: - Сбор, систематизация, анализ, обеспечение полноты и непротиворечивости требований к техническому решению; - Разработка ТЗ и детальных спецификаций требований; - Декомпозиция и постановка задач разработчикам; - Контроль реализации функционала и его соответствия поставленным требованиям; - Ведение и актуализация документации (руководство пользователя и администратора, презентации по новому функционалу); - Участие в приемке реализованного функционала; - Подготовка и поддержка в актуальном состоянии проектной документации; - Участие в ежедневных митингах и демо.  Наши ожидания: - Высшее образование; - Опыт работы аналитиком на проектах, связанных с разработкой от 1-го года; - Знание основных подходов к формализации требований (Use Case, User Story); - Знание основных нотаций моделирования – UML, BPMN, ER-диаграммы; - Понимание жизненного цикла продукта, процессов разработки, тестирования; - Опыт работы по гибким методологиям разработки (Agile); - Навыки декомпозиции сложных процессов.  Будет плюсом: - Умение систематизировать и анализировать большой объем информации; - Опыт написания документации по регламентам (ГОСТ, внутренние правила компании); - Базовое понимание SQL, REST API;  → Откликнуться на вакансию   ———  🫶 Стажировки 🧑‍💻 Джун разработчикам 😶 Джун менеджерам 🐱 Джун маркетологам 💙 Мемы и удаленка 💚 Качнуть карьеру",2452
2025-06-27 07:07:27,"Внимание-внимание! Это не учебная тревога, а учебный конкурс от VK Team и VK Education!  🔹 Мы решили разыграть целый мешок призов — умную колонку с Марусей, промокоды на Облако Mail и классный мерч от VK.   🔹 А заодно хотим узнать, кого больше среди наших подписчиков — тех, кто любит учиться новому, или тех, кто обожает делиться знаниями?  Для участия в розыгрыше сделайте три простых шага: 🔹 Поставьте реакцию к посту: ✍️ — если больше любите узнавать новое, или 👨🏼‍💻 — если любите делиться своими знаниями. 🔹 Проверьте, что вы подписаны на каналы VK Education и VK Team. 🔹 Нажмите кнопку «Участвовать».  Информацию об организаторе, правилах и призах ищите по ссылке, а за итогами розыгрыша приходите 3 июля — подведём их в этом посте.",2050
2025-06-27 07:07:20,"VK Education и VK Team запустили конкурс для тех, кто любит учить и учиться, и разыгрывают кучу классного мерча от VK!  Пост с правилами и условиями ниже, погнали участвовать 👇  Реклама",2388
2025-06-26 16:03:42,"Junior тестировщик  Компания: Доктор Веб З/П: не указана Формат работы: Питер Источник вакансии: HH  Вам предстоит: - заниматься ручным тестированием антивирусных продуктов и их компонентов; - составлять и поддерживать в актуальном состоянии тест-кейсы; - фиксировать ошибки в багтрекере, контролировать процесс исправления; - помогать технической поддержке компании в разборе сложных кейсов пользователей.  Мы ожидаем, что Вы: - Знаете и понимаете процессы тестирования и разработки программного обеспечения; - Знаете ОС семейства Windows на уровне продвинутого пользователя (что такое процессы, реестр, понимаете, как работает сеть и сможете посмотреть IP адреса компьютера, расскажете нам о протоколе TCP/IP); - Составляли тестовую документацию (чек-листы, тест-кейсы, тест-планы, тест-репорты); - Умеете анализировать информацию и хотите развиваться в сфере тестирования.  Будет плюсом: - опыт работы с виртуальными машинами (VirtualBox, VMWare); - знакомство с утилитами SysInternals (Process Monitor, Process Explorer, ProcDump); - понимание основ сетей.  Мы предлагаем: - Официальное трудоустройство в аккредитованной Минцифры IT-компании; - Современный офис на Петроградской стороне; - Работу в офисе, гибкое начало рабочего дня;  → Откликнуться на вакансию   ———  🫶 Стажировки 🧑‍💻 Джун разработчикам 😶 Джун менеджерам 🐱 Джун маркетологам 💙 Мемы и удаленка 💚 Качнуть карьеру",2605
2025-06-26 12:33:06,"Junior project manager  Компания: ЭДУТЕХ ГРУПП З/П: до 80 000₽ Формат работы: Моска Источник вакансии: HH  Какие будут задачи: - Ведение отчетности на проектах; - Общение с клиентом и подрядчиками; - Взаимодействие с командой дизайна и редакцией  Что хотим видеть: - Наличие опыта в качестве стажера/ассистента/младшего специалиста в рекламном агентстве  Мы предлагаем: - Уютный офис в самом центре Москвы, рядом с метро «Белорусская» с двумя летними верандами, где летом проводим йогу и зарядку;  -Всё необходимое для отдыха и обеда, включая фрукты; - Профессиональный рост и развитие вместе с быстрорастущей компанией;  → Откликнуться на вакансию   ———  🫶 Стажировки 🧑‍💻 Джун разработчикам 😶 Джун менеджерам 🐱 Джун маркетологам 💙 Мемы и удаленка 💚 Качнуть карьеру",2497
2025-06-26 10:03:01,"Как frontend-разработчику получить оффер в Bigtech?  Ты вроде бы уже не джун, но всё равно чувствуешь, что топчешься на месте? Рынок перегрет, требований всё больше, а откликов — всё меньше? На собесах валят на алгоритмах или просят ""нарисовать"" архитектуру, как будто ты ведущий.   При этом вокруг кто-то постоянно получает офферы в Яндекс или VK, а у тебя не получается даже дойти до финального этапа? Хочется стабильности, интересных задач и наконец-то попасть в сильную команду...  Меня зовут Тихон, привет! Я — действующий Frontend-разработчик и ментор. Помогаю устроиться на хорошие позиции в Bigtech и сопровождаю на испытательном сроке.  В своем канале: 👉 публикую видео с решением задач, которые прямо сейчас дают крупные компании на собеседованиях 👉даю примеры по прохождению собеседований 👉разбираю резюме и докручиваю резюме подписчиков 👉и просто создаю дружелюбное, комфортное сообщество, где коллеги всегда готовы подсказать и поддержать  🎁В закрепе тебя ждёт подборка из 60 задач, которые сейчас дают на собеседованиях Яндекс, Т-Банк и другие крупные IT игроки.   Подписывайся и получай максимум пользы, а нас уже больше 2000 🤓: https://t.me/+reP2YE-ZsIw4OWU6   Реклама, ИП Галактионов Тихон Витальевич, инн: 771618975809, erid: 2W5zFJt7bGL",2299
2025-06-26 08:03:01,"Junior Rust Developer  Компания: Разумные Технологии Безопасности З/П: не указана Формат работы: Удалённо Источник вакансии: HH  Обязанности: - Разработка компонентов продукта на языке Rust; - Написание тестов к разработанному коду; - Первичное ручное тестирование своего кода; - Написание документации к реализованному функционалу; - Работа с системами контроля версий (Git); - Взаимодействие с командой для доработки и проверки решений.  Требования: - Знание языка Rust (или активное изучение на хорошем уровне); - Знание низкоуровневых языков программирования (C/C++); - Понимание основ работы операционных систем Linux; - Английский язык на уровне чтения технической документации; - Самостоятельность, внимательность к деталям, ответственность.  Будет плюсом: - Знание eBPF, опыт работы с сетевыми протоколами и безопасностью; - Опыт работы с PostgreSQL, ClickHouse, Kafka; - Понимание архитектуры контейнерных сред (Docker, Kubernetes).  Мы предлагаем: - Работу в аккредитованной IT-компании; - Официальное трудоустройство с первого дня; - Гибкое начало рабочего дня (с 9:00 до 11:00); - Формат работы на выбор – офис, гибрид или удалёнка; - Участие в крупнейших конференциях для ИБ-компаний; - Обучение и развитие за счёт компании;  → Откликнуться на вакансию   ———  🫶 Стажировки 🧑‍💻 Джун разработчикам 😶 Джун менеджерам 🐱 Джун маркетологам 💙 Мемы и удаленка 💚 Качнуть карьеру",2242
2025-06-25 12:33:06,"Junior crm маркетолог  Компания: Газпром З/П: не укаана Формат работы: Питер Источник вакансии: HH  Чем предстоит заниматься: - Проводить анализ бизнес-процессов и описывать в нотации BPMN - Выявлять области для улучшения эффективности и оптимизации бизнес-процессов - Работать с нечеткими требованиями и гипотезами Продукт оунеров для разработки новых продуктов и функциональности действующих проектов - Собирать и анализировать данные, разрабатывать рекомендации по улучшению бизнес-моделей и стратегий - Взаимодействовать с командами по разработке, маркетингу в целях выявления потребностей и разработки новых продуктов - Подготавливать аналитические отчеты и презентации для руководства компании - Обучать и консультировать сотрудников по вопросам бизнес-аналитики и оптимизации процессов  Что для нас важно: - Опыт работы бизнес-аналитиком - Gонимание бизнес-процессов и умение выявлять проблемные области - Опыт работы с описанием бизнес-процессов в нотации BPMN - Аналитическое мышление и умение принимать решения на основе данных - Коммуникативные навыки и умение работать в команде  Что мы предлагаем: - График 5/2 с 09:00 до 18:00, по договоренности с руководителем начало рабочего дня возможно сдвинуть +/— на 1 час.  → Откликнуться на вакансию   ———  🫶 Стажировки 🧑‍💻 Джун разработчикам 😶 Джун менеджерам 🐱 Джун маркетологам 💙 Мемы и удаленка 💚 Качнуть карьеру",2343
2025-06-25 08:03:01,"Junior DevOps-инженер  Компания: Git in Sky З/П: до 145 000₽ Формат работы: Удалённо Источник вакансии: HH  Обязанности: - Сопровождение ИТ инфраструктур клиентов. - Возможно внедрять импортозамещающие решениия. - Наведение порядка, документирование, установка обновлений. - Развертывание систем мониторинга и резервного копирования. - Планирование проведение внедрения импортозамещающих решений, реализация переходных решений, взаимодействие с техподдержкой вендоров. - Работы с оборудованием: решение сетевых проблем, выявление проблем быстродействия, подготовка рекомендаций по апгрейду.  Вы будете: - Работать в команде инженеров, ежедневно писать на Ansible и обсуждать код. - Поддерживать интересные и сложные инфраструктуры разных проектов. - Инструментировать приложения и проводить нагрузочные тесты. - Работать над непрерывными процессами мониторинга, обеспечения безопасности и резервного копирования. - Выстраивать процессы Continuous Integration на Gitlab-CI и других CI. - Глубоко погружаться в отдельные направления, такие как администрирование высоконагруженных баз данных, маршрутизация трафика в WEB приложениях, системная безопасность и форензика, защита от DDOS, отказоустойчивость и высокая доступность критичных систем и сервисов, микросервисная архитектура k8s и многие другие.  Вы НЕ будете: - Соприкасаться с бюрократией и аристократией; - Ограничиваться в выборе решений и в своем развитии;  → Откликнуться на вакансию   ———  🫶 Стажировки 🧑‍💻 Джун разработчикам 😶 Джун менеджерам 🐱 Джун маркетологам 💙 Мемы и удаленка 💚 Качнуть карьеру",2266
2025-06-24 16:03:02,"Junior маркетолог  Компания: LJT таргет З/П: от 20 000 до 50 000₽ Формат работы: Удалённо Источник вакансии: HH  Тебе к нам, если: - Знаешь основы маркетинга (хотя бы на уровне «что такое ЦА и KPI»). - Готов разбираться в закупе каналов, анализировать данные и искать лучшие варианты. - Умеешь или хочешь научиться делать креативы (Canva — твой друг). - Любишь Telegram и понимаешь, как тут всё устроено. - Хочешь развиваться в команде, где ценят инициативу и новые идеи.  Что предстоит делать: - Искать и отбирать каналы для закупа. - Готовить креативы для рекламных интеграций. - Анализировать результаты закупа и предлагать улучшения. - Планировать рекламные кампании в Telegram. - Помогать в развитии крупных проектов.  Что мы предлагаем: - Удалёнку с гибким графиком (но полный день). - Старт от 20 000 руб. + мотивация (чем лучше результат — тем выше доход). - Возможность быстро расти до middle-уровня.;  → Откликнуться на вакансию   ———  🫶 Стажировки 🧑‍💻 Джун разработчикам 😶 Джун менеджерам 🐱 Джун маркетологам 💙 Мемы и удаленка 💚 Качнуть карьеру",2502
2025-06-24 12:33:06,"Junior рекрутер  Компания: Bellerage З/П: не укаана Формат работы: Удалённо Источник вакансии: HH  Будущие задачи: - Поиск релевантных кандидатов в сферы корпоративных финансов, аудита и юриспруденции в открытых источниках; - Мэппинг; - Первичный телефонный скрининг и приглашение на интервью.  Мы ожиданием: - Высшее образование (экономическое или техническое будет плюсом); - Хорошие коммуникации, ориентированность на результат, умение работать в режиме многозадачности; - Готовность к интенсивному режиму и высокой скорости работы.  Мы предлагаем: - Финансовое благополучие: полностью белая заработная плата и официальное оформление. - Удобный офис в историческом районе с развитой инфраструктурой, в шаговой доступности от метро: Добрынинская / Серпуховская / Павелецкая. - Технологичное рабочее место: 2+ монитора, многофункциональный портал собственной разработки, собственная система обслуживания баз данных, сильная ИТ-инфраструктура, intel 10+, nvme ssd, 32gb ram. - Обучение и развитие: внутренние и внешние тренинги, компенсация обучения, участие в конференциях, корпоративная база знаний, скидки на изучение английского языка.  → Откликнуться на вакансию   ———  🫶 Стажировки 🧑‍💻 Джун разработчикам 😶 Джун менеджерам 🐱 Джун маркетологам 💙 Мемы и удаленка 💚 Качнуть карьеру",2387
2025-06-24 08:52:26,"Junior crm маркетолог  Компания: Газпром З/П: не укаана Формат работы: Питер Источник вакансии: HH  Чем предстоит заниматься: - Проводить анализ бизнес-процессов и описывать в нотации BPMN - Выявлять области для улучшения эффективности и оптимизации бизнес-процессов - Работать с нечеткими требованиями и гипотезами Продукт оунеров для разработки новых продуктов и функциональности действующих проектов - Собирать и анализировать данные, разрабатывать рекомендации по улучшению бизнес-моделей и стратегий - Взаимодействовать с командами по разработке, маркетингу в целях выявления потребностей и разработки новых продуктов - Подготавливать аналитические отчеты и презентации для руководства компании - Обучать и консультировать сотрудников по вопросам бизнес-аналитики и оптимизации процессов  Что для нас важно: - Опыт работы бизнес-аналитиком - Gонимание бизнес-процессов и умение выявлять проблемные области - Опыт работы с описанием бизнес-процессов в нотации BPMN - Аналитическое мышление и умение принимать решения на основе данных - Коммуникативные навыки и умение работать в команде  Что мы предлагаем: - График 5/2 с 09:00 до 18:00, по договоренности с руководителем начало рабочего дня возможно сдвинуть +/— на 1 час.  → Откликнуться на вакансию   ———  🫶 Стажировки 🧑‍💻 Джун разработчикам 😶 Джун менеджерам 🐱 Джун маркетологам 💙 Мемы и удаленка 💚 Качнуть карьеру",2441
2025-06-23 12:33:01,"Junior тестировщик  Компания: Доктор Веб З/П: не указана Формат работы: Питер Источник вакансии: HH  Вам предстоит: - заниматься ручным тестированием антивирусных продуктов и их компонентов; - составлять и поддерживать в актуальном состоянии тест-кейсы; - фиксировать ошибки в багтрекере, контролировать процесс исправления; - помогать технической поддержке компании в разборе сложных кейсов пользователей.  Мы ожидаем, что Вы: - Знаете и понимаете процессы тестирования и разработки программного обеспечения; - Знаете ОС семейства Windows на уровне продвинутого пользователя (что такое процессы, реестр, понимаете, как работает сеть и сможете посмотреть IP адреса компьютера, расскажете нам о протоколе TCP/IP); - Составляли тестовую документацию (чек-листы, тест-кейсы, тест-планы, тест-репорты); - Умеете анализировать информацию и хотите развиваться в сфере тестирования.  Будет плюсом: - опыт работы с виртуальными машинами (VirtualBox, VMWare); - знакомство с утилитами SysInternals (Process Monitor, Process Explorer, ProcDump); - понимание основ сетей.  Мы предлагаем: - Официальное трудоустройство в аккредитованной Минцифры IT-компании; - Современный офис на Петроградской стороне; - Работу в офисе, гибкое начало рабочего дня;  → Откликнуться на вакансию   ———  🫶 Стажировки 🧑‍💻 Джун разработчикам 😶 Джун менеджерам 🐱 Джун маркетологам 💙 Мемы и удаленка 💚 Качнуть карьеру",2452
2025-06-23 08:03:06,"Junior project manager  Компания: ЭДУТЕХ ГРУПП З/П: до 80 000₽ Формат работы: Моска Источник вакансии: HH  Какие будут задачи: - Ведение отчетности на проектах; - Общение с клиентом и подрядчиками; - Взаимодействие с командой дизайна и редакцией  Что хотим видеть: - Наличие опыта в качестве стажера/ассистента/младшего специалиста в рекламном агентстве  Мы предлагаем: - Уютный офис в самом центре Москвы, рядом с метро «Белорусская» с двумя летними верандами, где летом проводим йогу и зарядку;  -Всё необходимое для отдыха и обеда, включая фрукты; - Профессиональный рост и развитие вместе с быстрорастущей компанией;  → Откликнуться на вакансию   ———  🫶 Стажировки 🧑‍💻 Джун разработчикам 😶 Джун менеджерам 🐱 Джун маркетологам 💙 Мемы и удаленка 💚 Качнуть карьеру",2698
2025-06-20 13:33:06,"Junior Python Developer  Компания: Арелаг консалт З/П: не указана Формат работы: Удалённо Источник вакансии: HH  Опыт работы: - с Python фреймворками асинхронными и синхронными (Django/FastAPI / Flask); - с Python Core и встроенной библиотекой; - с асинхронным программированием (AsyncIO); - с написанием юнит-тестов; - с ORM, SQLAlchemy, DjangoORM; - в написании SQL запросов; - с Pydantic или Marshmellow; - с SQL базами данных (PostgreSQL); - с Kafka / RabbitMQ; - с No-SQL хранилищами (MongoDB, DynamoDB, Redis); - с облачными сервисами (AWS / Azure / GСP); - с Docker; - с Pytest. - с GNU/linux; Знание принципов CI/CD; Английский B1 и выше.  Будет плюсом: - комерческий опытж; - знание JS (React, Angular, Vue); - знание Kubernetes (K8S);  Условия работы: -Удаленная работа -Обмен опытом и поддержка от опытных разработчиков -Защищённая от инфляции заработная плата  → Откликнуться на вакансию   ———  🫶 Стажировки 🧑‍💻 Джун разработчикам 😶 Джун менеджерам 🐱 Джун маркетологам 💙 Мемы и удаленка 💚 Качнуть карьеру",2934
2025-06-20 10:38:40,"Junior маркетолог  Компания: CORE.XP З/П: не указана Формат работы: Удалённо Источник вакансии: HH  Ключевые задачи: - Разработка стратегии email, SMS, WhatsApp, Telegram-рассылок - Написание текстов, подбор визуального контента, анализ метрик (OR, CTR, CR). - Работа с классифайдами (досками объявлений): размещение и обновление объявлений (Авито, Циан, Яндекс Недвижимость, Prian и др.); тестирование форматов, настройка коллтрекинга, анализ входящих лидов - Создание текстового, фото- и видеоконтента (с использованием ИИ или вручную) - Разработка прототипов (Figma/Webflow/Tilda). - Самостоятельное создание и верстка страниц на Tilda и наполнения контентом (тексты, фото, видео) - Интеграция лид-форм и квизов, посадочных страниц с Calltouch, Roistat, CRM самостоятельно или с привлечением IT - специалиста - Сбор данных, анализ эффективности, формирование рекомендаций - Подготовка еженедельной и ежемесячной отчетности  Каким мы видим подходящего кандидата: - Базовые знания маркетинговых метрик и инструментов, опыт стажировки или работы от 6 месяцев - Коммуникационные навыки и умение работать с разными командами - Готовность к работе в режиме многозадачности и соблюдению дедлайнов - Внимательность к деталям, грамотность и аккуратность в работе с данными - Креативное мышление и поиск нестандартных решений  Что мы предлагаем: - Гибкие условия формата работы: Если вы живете в Москве - то 1 месяц работа в офисе, далее гибрид с посещением офиса 2-3 раза в неделю Если вы проживаете не в Москве, то есть возможность рассмотреть удаленный или гибридный формат работы - Комфортный офис в 2 минутах пешком от м. Москва-Сити (БЦ ""ОКО"") - Официальная ""белая"" заработная плата (обсуждается на этапе собеседования)  → Откликнуться на вакансию   ———  🫶 Стажировки 🧑‍💻 Джун разработчикам 😶 Джун менеджерам 🐱 Джун маркетологам 💙 Мемы и удаленка 💚 Качнуть карьеру",2694
2025-06-19 16:03:01,"Junior Recruiter  Компания: LETO З/П: не указана Формат работы: Удалённо Источник вакансии: HH  Чем предстоит заниматься: - Искать и проводить первичный скрининг CV кандидатов (для поиска мы используем LinkedIn Premium, Matchy, внутреннюю ATS, закрытые телеграмм сообщества etc.) - Проводить HR интервью в тандеме с тимлидом и самостоятельно  - Писать сопроводительные письма по результатам интервью (у нас есть внутренние шаблон для написания сопроводительных писем, которые мы разрабатывали вместе с техническими экспертами) - Координировать кандидатов на всех этапах общения с компанией - Подготавливать аналитику по специализациям - И многим другим интересным, о чем будем рады рассказать на интервью!  Что ожидаем: - Желание и стремление развиваться в рекрутменте, обучение и наставничество с нас! - Умение работать на высоких темпах в режиме многозадачности - Высокий уровень самостоятельности и тайм-менеджмента - Умение работать на результат  - Английский на уровне B2 (Upper-intermediate) - так как у нас довольно много зарубежных поисков.  Что предлагаем: - Удаленный формат работы из любого уголка мира. Мы начинаем с 9-10:30 и заканчиваем в 18-20 по МСК - Оклад + проценты от закрытия вакансий - Персональные наставники в лице Recruitment Lead и Head of Recruitment, которые направляют и помогают в сложных кейсах - Персональный план развития в IT рекрутменте  → Откликнуться на вакансию   ———  🫶 Стажировки 🧑‍💻 Джун разработчикам 😶 Джун менеджерам 🐱 Джун маркетологам 💙 Мемы и удаленка 💚 Качнуть карьеру",2657
